{"version":2,"hash":{"type":"Buffer","data":"V+oJAB5cInyPNUcC974Cvo4Lz9gsRIpayENFuGD3RRLRsyyj27OKJbGOuzXPHB6STY591/Im1EcFvXfLwEmCbfF9uXJKDIdmBH8SnQWrU9VP08ISSLrXNjV8VpCvVKZ5hsIFdGw+BrwXum5UmkNrht0R1mFMmEHHFw9lE1/mcmc="},"indexValueMap":{"ch6WIkUuMSoESWRQYy8zS9OxN6LEysxEBsiq+95rcto=":{"valueMac":{"type":"Buffer","data":"0VOVILmUXzPhDxnve+bU+dm1dADNtXKGN4GTwa2RO+4="}},"ogUfDjljYhHS6k6KNJA8bEALagbM5kw8VbhUq3cOZBY=":{"valueMac":{"type":"Buffer","data":"VTXaDci3kZZikbpTtaDV1Ev/ueaoenbdN71FjBdUAnk="}}}}