{"version":56,"hash":{"type":"Buffer","data":"AhBgjLiPxsHfrpahc/uJeTAep8Vi0Cymfva+9yrp5eXgWHRqf5X0BYXqIScH8DvD1UKg+Qw2aBODQU+k9GNXtFciwDJcoDMeLFwk4rv4vH7RlnwLOoyfBd7CwBcB4fAN3DD5O0eLujXZzNSOrV7/1A2vvhEQquDW2j5Kuuy613A="},"indexValueMap":{"AAHAUtpFhlTUkW438gsoGONOwWgqW3vlMyrOjs6NOyo=":{"valueMac":{"type":"Buffer","data":"c2ibuzg8hhnfe3PD1sB8aVCezJPdeKN8TUxGH0sI/z8="}},"AEQw9GqFuQq0RX4ssZSMEb+L+0MI8wtM9cSdCA9I5Ow=":{"valueMac":{"type":"Buffer","data":"4JSAU+x9nKHCPI3or7vAJ3dD5CoGjCqoS/GlcCu7Dx4="}},"AJm+c/bvRb6ZFd9mFuryi9fuShlSg10AnwYkuZebjCo=":{"valueMac":{"type":"Buffer","data":"kJow5g7FGX6T7eJ6yjAJCOGe/TPHx/K63Nhrz/RcjIw="}},"ATJSaC0UjPFjkovpVNOtJJ9utaT8pUSWBeSPMWWTwcs=":{"valueMac":{"type":"Buffer","data":"wbF9WWEJzwMss1PapAE6XZ2rC4CGR7PU3Rv/0mey1+c="}},"ATRgRb2J7n4+6V4MD7AUAGRPPznqF+75KTvakcapHJU=":{"valueMac":{"type":"Buffer","data":"UnGGnz6DVBb/aaHkXMaIeyT+sCFAOnGbm5JnQ2A+TKo="}},"AUt4AwxPXoYH0dLBvbivY3Csjjbh2O6JAVDCpsiGJac=":{"valueMac":{"type":"Buffer","data":"GhNq+lfO9DwqMeOKHvNK5tziN2MhMjUxknVGzHfbfug="}},"AWpoa/EQem3uQY9ZfBrRqmXlZkemFERJ1kbZOrGsarA=":{"valueMac":{"type":"Buffer","data":"OlRrusy1HfD4pj7Z4p7uTt2KyCPLYJ0i6T3Gf8eIf+w="}},"AXFcN/pLpMIzdlwvQ0v+2lFpLKDe33UiXBE7Fkps8pM=":{"valueMac":{"type":"Buffer","data":"c0fXbWY+kScR2lCCse1nyBFeUtnWVJmdkTp4KW0Wlcc="}},"Ab6n0897ni2wimglKKvpwfLX0fTqJc+nwF7e3oIBNVM=":{"valueMac":{"type":"Buffer","data":"BzwY1Lz3dplwQPcENpsjAa350zwhHeIEijTuGzWCY7g="}},"AkFvOuWBSOzeSddRqSGjbB43FCZbC3622HR2WNOfdhg=":{"valueMac":{"type":"Buffer","data":"Kn3jGe/98lv4S/VMnRbY9xz+9PqVYgYAWKPoW5KkAUc="}},"AnEcc2xAfVlYVI7c7mwCwmaz6tlwZz8aVVpyfHmwcBM=":{"valueMac":{"type":"Buffer","data":"Akl8Ds+iYvTE/uMpr/zX4o7sH6WKOYXvVvgEh3IiInM="}},"A4c9ajUl5y1p2pS/FnixyUFN+UJUxgE5isdkn5M5JkA=":{"valueMac":{"type":"Buffer","data":"H9vFVtoUZzhX2clZBnUrspumiworKimQ6C2vVUEZCus="}},"A7Vd9nyBhagV2B8En7nLK6R1oUOeQIjeAIiNx5fjLMc=":{"valueMac":{"type":"Buffer","data":"ONMhkiSDSN2YbXQTh9GIX/C7uosoRjcEJ6oQj1feexU="}},"A7i89jj+KFukWNlHMZYARyjNWxoMRdRtE7eFOJHHvc0=":{"valueMac":{"type":"Buffer","data":"GKpk99TpVir9LFrNGR927g8f+LZ5TV4X9I0PLLJTk6U="}},"A8Rv2G7SyShYd2qqPsrJiUKaC4Sof2kkyIMBLILf1TQ=":{"valueMac":{"type":"Buffer","data":"9qqtPXjsETTQwm+ETK1PD1WCfrB9upTXTGTTyIXhWhI="}},"BA+WZ6rT/s91WYBzjf77iLm7fMUTZA8haNbYxxMPYbY=":{"valueMac":{"type":"Buffer","data":"guJf7evYOKztMPz4z2Jh8Xl63Hy/5FJoXd5KmBIGkf0="}},"BEbx/7nx5IblJBrcaeeVPuUpZmIdf495RfRfzUy3PtA=":{"valueMac":{"type":"Buffer","data":"mRx6AbbgyadnlLZlTjF9DFK5/fzVumMM6/njY6SOVV0="}},"BPmMqQJKsg0nNG0QG7anm67NbE9y9RmOdvIfiN+Khkg=":{"valueMac":{"type":"Buffer","data":"MuTaLd3XXnLzllh74ov5YBt23O33du2piSBY6OHJp1Y="}},"BP1siwBjIvgJTqko9e1fvsxgfXcyfOd4kbwIGzjraeg=":{"valueMac":{"type":"Buffer","data":"2SimHr1MRImz8j5zDexQ7tq4KAminWyoAebQ7BInNZE="}},"BUvdeyk3LqEhi8xWwTpIYvVv/8tiPwqFjygRkCHMGFY=":{"valueMac":{"type":"Buffer","data":"WeU8j55CqGK3ZsI+yrbg3mcTwL7xF61K3VjakQZEaPs="}},"BW8f6Av1/rkZY8BC32ToHYsYbavZVYBAIw/iZxHXtuY=":{"valueMac":{"type":"Buffer","data":"qaNPAiSov/FTq2OPmde2uqw1I57VoTEdqge/lxPImCk="}},"BZx67d3eP/tBR5+2NOrCya/nzjN5/muFAYv/3NtdP9k=":{"valueMac":{"type":"Buffer","data":"lsXGo7OAu0JU55yZuCHt2x9SqCC8zaPvk/NpbZIHg+M="}},"BbDpS1A9uHYCsUKaH1LmbyGD0Cfze55nbptWzFm5Ftg=":{"valueMac":{"type":"Buffer","data":"RLHMuWCWafVepcwkar0X8CbLBh5efOQjePHdRIhsMPY="}},"BbvaqWsJQpb+1tAXLmivfMo2HaQIJYCk0oUBuSPPBag=":{"valueMac":{"type":"Buffer","data":"WDncawXyA91+BaEZ2GeDhJ1fCjtrK+zU0GCkxxCuVsw="}},"Bl+QITZjAzletka64RNtT3W1a4ESxG3mm0k6DVWba34=":{"valueMac":{"type":"Buffer","data":"SsDGJHgEN/m4otBvyo6IXfaQGJbwi9/ZIfqwKcwxD/o="}},"BsjQCGsMveHH5Ij6HfZQms1t/oqGB1cvbWyr4EFJtbg=":{"valueMac":{"type":"Buffer","data":"D6nEMKWmVzITW84xfqMAVGjoyu6x9fIWk/lCVn6ql2g="}},"Bt/ctvLsWYq99iH6FNz2VZSOV+EvOn4G8Z14cxKWpE0=":{"valueMac":{"type":"Buffer","data":"k7NfPAoR3sTCv4My/mJ1mXr+rGdH1P8VniaTaa37uXw="}},"BvdBd6eXBXXtR0TtoaMpaqahGz2Q1kGPV/NT60Q6fns=":{"valueMac":{"type":"Buffer","data":"ejBjsIduS18pmNu3ZxUWLvWv0sara5LR7jzF5rsJ9VY="}},"BxcbjwlKHV//os0z6kxJEfWcRW2dWo4uXiN++YNPp78=":{"valueMac":{"type":"Buffer","data":"vwcTsGiEXpotLN4WMbQlVFCULt04Eg2xgr7Bk2xhedk="}},"B36I2s+LbgqOZ38jfawwZtMI0bI67uyid85e0EEg/+c=":{"valueMac":{"type":"Buffer","data":"dHPxuP/EYhxL89ta0MmQ9tpKYRtUv+tuAQsA8dLUDd8="}},"B8agLJq1a35G4vUPMB2SOU+ZzS218LzKYdDYsJdwirY=":{"valueMac":{"type":"Buffer","data":"7svfg/wwrRUSiWdz9+9IuWSmKYtV4RCyvbkO2n1bPpM="}},"CDtFH0EHDkj3yYBnZvokV30fES6dcTxDqVNwvfgnai4=":{"valueMac":{"type":"Buffer","data":"mpT5syWN0iXvKq4+8hVhMLuwx5zrq4encYMQPxUA4+g="}},"CT7rJxHKNnkK9wkeGvHGuiyUnR2jn1m1BmAcn/E2tKs=":{"valueMac":{"type":"Buffer","data":"gmBGm3MDunvrYt3uY+22cm54ArBN65RtiEqFjvqtfsQ="}},"CdyH+zBlKnKZUC7cQASbBXAN8x6H9l+LJwkctzzhrzs=":{"valueMac":{"type":"Buffer","data":"rx12mCamTyQDePQhGdocN1vvfN+9R0DNEN8PTLyK+Xg="}},"CipIY4G3r4kWZZHeIsc1FKGHqKJm2rPWHuZ/cJ0D+ls=":{"valueMac":{"type":"Buffer","data":"b5y3iH/tZGVe8FfvVQNwRXjmiH8UNTFl/xMv8p+SiVs="}},"ClUzqakabnm3sYNqTE5M2hvnS5o/aHx2PSL5hUoSZ/I=":{"valueMac":{"type":"Buffer","data":"/NduvsjUtZPVMoMlOlpe6yR2tFIf4IYmMIrY6BF0apI="}},"Cmtki+IKDtAMbpU3jO56DBnmkHoaA7yRfKemTUcK6jU=":{"valueMac":{"type":"Buffer","data":"2Qn9azGraWVMHJiTAOfdkPmMzgXe5EH9Q6ZjdqhuyUY="}},"CpKefshTf3mIHsyddSlCPzFNd3j8jm66wIuePxXJRTY=":{"valueMac":{"type":"Buffer","data":"e8mnIs0SH86SSFu3wCHkSxEmEu+r9voe2HZOrVgzKs0="}},"CsiJW/zKcSw7fPmjtkmv58AlkuQt/P2JBpRcZGRXw+0=":{"valueMac":{"type":"Buffer","data":"T0sUxCdEhDAxCKgJ43IXPDyTbDvLSnb6xsoeqIyNlXY="}},"CsvO9d2MfvKJaTdlDGa9ifBoz8qcFaAVzOEOa7kEEzs=":{"valueMac":{"type":"Buffer","data":"zLIb37oHVhXLi1w+vaiK0k4Z+gm6q5VEb5WsxHTrtUk="}},"CuAotK3RW8VtG3OaLWH9Sjt84FEYnHaqrLXRTzX1nGE=":{"valueMac":{"type":"Buffer","data":"mJsAwXbQDpe7ZUhk5b66rwQbSKf2o64Cl5gd55i6z/w="}},"Cy4LYZ60uMBh4qHdkw/7yhmwebI6SKzFyOd8b4E9AF8=":{"valueMac":{"type":"Buffer","data":"YDSvlYHGW+D/0sgXmvALKmo7AsqNbEeSj9KYMewjpsE="}},"CzLAH+fsS95r74y6R8Bww7KZRPQhOZvE1bhMGouzPHY=":{"valueMac":{"type":"Buffer","data":"dUbaX5p+gzyFMV/mfRcIwOZBTa6+PWpdXs+b9EhEngk="}},"C6ytf80LkqKyAuSLOJ3A1EqlCwpmg2eV3QyF0LbnCkM=":{"valueMac":{"type":"Buffer","data":"/TzLAYa701YsX7XriM9/u6Bhf8L9oDweSuxAQPGgSJM="}},"DGEnKCQ6tIefuSuSShLOQoGz+2m1ohnHVrCdO7uMmjM=":{"valueMac":{"type":"Buffer","data":"6rQECCpN7ogGLiolPoM0CUuqKcrAGbh7QEDZGg70zYQ="}},"DQl2mveBSz6ZAOj0Yms8uMVN7rGuu6WiAJQ+LvEaCl0=":{"valueMac":{"type":"Buffer","data":"1SYU2jt5bXYBO/zM8U2RHwrWvPxLbOPUSyLEfzQgreA="}},"DSqDxV4QRklHHpruBqAlmzuC3VbPtcXfjM2G4r3on1g=":{"valueMac":{"type":"Buffer","data":"5d9G9kgeaGYha3NiA2OaWZcwHRkvdtIQKI8O9sR4FSw="}},"DTP8w5v6ldz/O7KiT9P+6LcjRR+gHTjB97x/PYZr3mY=":{"valueMac":{"type":"Buffer","data":"Lzd/0E1GFcvJBza5aQv4+qUFzlVjGZ88ro9UVswW/84="}},"DVAkVAmTzT2Txzo6xGqLvNeHXtBjfckl8b2z8Mvx0M8=":{"valueMac":{"type":"Buffer","data":"msf9UV7bu6Nl6VJ///Lju87aNKAs0E9lFc4Dh+KLEKI="}},"DVvIl3XXIOb+VIM867umMCdz0fDCM6mSCI4Q5w321iY=":{"valueMac":{"type":"Buffer","data":"0IArbX1mUuJW0Qi7w4flbrBpeT7foqLTsPe1tdDK0Z8="}},"DYI/pY90/0Vx1CJMWocxRsAt498aWO12bxAEJeMdj94=":{"valueMac":{"type":"Buffer","data":"rwzCskGyRxo03tpZarOY+4jFRdBMi3fbslWpEeaW2CI="}},"DsqHmk/646ZaKpf2UUTe6t2MVKcgmofHYgWPGxAhDTQ=":{"valueMac":{"type":"Buffer","data":"mptVlraCAH8irZKavH47OFpoXzCcHg4Rk9vaCWSinyI="}},"DvEtRtHGQbfuhc0He3ebNb0fTOAmJj8QDGJLn6zeeJ8=":{"valueMac":{"type":"Buffer","data":"lsgyGlnAW1wcZllVbuoOjlAMKznXP3EFPXB4uHxlIuo="}},"DvICp6K/kT0TOepHuo4Nz4qklHehPpOmauflJgEwlTo=":{"valueMac":{"type":"Buffer","data":"RKNBCs/4Z+W8pbHxHfe0DVzOhnqLNcjy3gtFhdVgnIw="}},"DyBCOsgpSGvXFIhiEIFxMh25Gjy+RoLswTFaVMub7g8=":{"valueMac":{"type":"Buffer","data":"r898AFqqXRrUx6wWbG88cQ+XPGADs2wq6DfEH+Blk5g="}},"D/YlM+BP4xETfSkO3xHsC6i0mgxZDjNpgTvkSFbTRtY=":{"valueMac":{"type":"Buffer","data":"CDUDSvBabSzOteqErwbhkwtYZXd3s9BJfjN1zMrAxQ4="}},"ECoQ4bucUzCa+pEBUukNHooT6iPtytkGX23DtMJqgNU=":{"valueMac":{"type":"Buffer","data":"bkbrYgbWw07RqmCN66bimpUo8/FS4Ym10pWljy8bC6Q="}},"EIWPdbf9rjXjANWhQvnLxNCOpddUC1fbE+oX7Gh3+xY=":{"valueMac":{"type":"Buffer","data":"tczOBQo6R2uq7I8WU1oEPlz/1F7nyHsp6pj6xzeJx1k="}},"EWDdwYawGOsEg4iTp5DEpZrBk1keqW8TNi+x0awmGUs=":{"valueMac":{"type":"Buffer","data":"8cXLprKyLxp5xkHYhH+2/WvqzDVcLY3k7uPTmzERxeA="}},"EZLVFDIXC8ZBGcw7uuuJk5hvTxZ/TZ1zLOfm+W1i5XA=":{"valueMac":{"type":"Buffer","data":"8jYYrS9iHhY42H5rCRKsDxeQZbX6vCcaG9K3Dj7M2c8="}},"Ep0u0CYb96mj185bRMB3lLpJiBCMAJkudzG+jxakYhg=":{"valueMac":{"type":"Buffer","data":"IWCKVRaF9o6ZZFRjwMuR4keNQgBjmr834aRKRAXa4ng="}},"E2ZpePllxSC51iE3Nikf3ZDoUw1OX/35k2ZAZ5SS7bk=":{"valueMac":{"type":"Buffer","data":"slRReuXm0Yt6uu37wNXQgqLX15aokofcgva4qAw8MwA="}},"E3X7hQUoydhL0dYxW7Muco6yKpDx7eSmPiDHjAcxCXk=":{"valueMac":{"type":"Buffer","data":"XlRH7L8lXyJJfnw9rRba5KNUl66HagVa7kGJmIgYOnk="}},"E+/95kWHZibxJXfSZwtdNjIBu41nVjl1CfZ4Be+W3Po=":{"valueMac":{"type":"Buffer","data":"www2d4Bf+4ta24qXwERfVV7yZs8Y5UsdVN3ZOxaVKHk="}},"FA4+TGgHEJIN6uhinAYmMYZV3VBsS8YeQ7+fBsZMuyY=":{"valueMac":{"type":"Buffer","data":"MfSWygeQxRo65MYc1bg1lvVo+I5JqjC3tSPJXXxzwDw="}},"FBAMgt9gHNCAuhGgy7p/sKKx39n73y7nzSOAlDUQpp0=":{"valueMac":{"type":"Buffer","data":"xmtD8uarc1D5HBlmjew9NywzaR8O6hyJnCkW6V4ijhA="}},"FPhRD6puGkViRq4Kp/sbyE6v0N+No0cgxaq8NshOGpg=":{"valueMac":{"type":"Buffer","data":"2CvQO83JZ5C68WF4RhnBlLw/ctnAK0oQkpBtB3oGrOg="}},"FUs2pvtozRLlBkvB4spJC9BL06+G6W1V3O6S9h9qcdQ=":{"valueMac":{"type":"Buffer","data":"ubuO4MVm75Q/AibziuWntkUhEcNhetmXDo9piXNTfOg="}},"FdAjZ65eIFrDjXP+C2yOW/UmypBAmh1egpaZOSIUKzc=":{"valueMac":{"type":"Buffer","data":"b3qrQn3mgu8B9g/C5yx8P3jGdw4PH5RLmCQe9X8ygjs="}},"FtGMQmiyRmsAFKW5n25KthFI6c9buaRN7403DTlGqFI=":{"valueMac":{"type":"Buffer","data":"sO2ETOXmz8WWIYuebw95Yaqk1WKZCZZUTkgpZAifu1o="}},"FuV/zk5YuoHrIM1JEV6Du53wpheGFiuhuw+lVsOM+zM=":{"valueMac":{"type":"Buffer","data":"2Q9tyfYYK4+YCODFP7fFLrxr+nBrjyWg0ihSFSUXmCE="}},"GA+2Ur9nJ1m/Ec2JXKOG05OmJbxAtO1CZkTxvt0DJxo=":{"valueMac":{"type":"Buffer","data":"5glfqaUTE7iiONaXbqdOAOi4ljI/KvjIco4xxL7UHP0="}},"GDUMVt7z8ATuzMZ20XH301WybHNCVUc/yd2xb2NfO2o=":{"valueMac":{"type":"Buffer","data":"wNO67xrPHLXQxSoJxJOEef8PquVQbNHGtxF/KVycfzk="}},"GSb+NiRgpwt5CjWSTHsm+rpom7axVi/sTH3xWCnNWZs=":{"valueMac":{"type":"Buffer","data":"i43rt0kEtocArvhnice6/NOYKMMYUrnvISe3XgUQ7OQ="}},"GS8guA57nycBwhZ9MZsFqSDfbNjxrlqy1zATHeml3A8=":{"valueMac":{"type":"Buffer","data":"3AZga6Tu5O09GrZiBQmgmE3XLbDc7Nnk1zTQUyKqJOQ="}},"GVNhLaD4phpX/IXe24S1c/XNlrsKAQu6RE1P25xjIB0=":{"valueMac":{"type":"Buffer","data":"2cpWXwy4b1R+o3IADMGeaalWQqHgNsfWWd7MeM4B/fU="}},"GcNRdAKjsbKY+z00aAWlIeeSP47l4BrM4MZDyJo2SwY=":{"valueMac":{"type":"Buffer","data":"WP4svc/cjQb1IuVsYYB0HXtw009ZLxW15m2z+SqJQCE="}},"GcyOq12bDwdRH+Nq2ttggtUyxDDPEqRbRZQYiK5CQVs=":{"valueMac":{"type":"Buffer","data":"R3V6m9I6fGUD9662nhhy1vLERa+Z4rUYN37Bcrv3Xgw="}},"GdoImFC0vfvS/La94nHNe+B8IePAArXF4HF6aGXtwbk=":{"valueMac":{"type":"Buffer","data":"wRPGu01CR5Dne8ypPVhTbayjB0XkuJvJMMs3c3EuQsM="}},"Gn7JA7sZK405/tzcU7J/0w8bNAaGUIKWqZ9q21OBTwU=":{"valueMac":{"type":"Buffer","data":"SIWsJVMAZuo1EplEv7nJ1En4j0xpR3PskaX4Is2dw3o="}},"GwJvW7IDZd4ijHP+mySLE4n3XnhQ9x4s2OpW5pupPWE=":{"valueMac":{"type":"Buffer","data":"u7WXZDnoU4ulo5ndWycap3HXjif/jCh4m7c/ZXZDeFc="}},"GxFAwiCI5y+iNd97lS0qakk99PYlwLmh5Li+5g4wL4k=":{"valueMac":{"type":"Buffer","data":"enaQl+L+ontM/DncMqFxsoj+2yVmSFqv8HvStdHLv6U="}},"G0QOjPs40Feru/h+Mf0a+3kQLm6S4sOUXf6HuypVmJQ=":{"valueMac":{"type":"Buffer","data":"+TdmeXq/sfD//S5sbZGCPnWVfOwtT4IaLHR2qTLccGg="}},"G9IpX+Bb2pOCYA3BUJFtAmn8ZLD5wfYfhzFnGUj0SW0=":{"valueMac":{"type":"Buffer","data":"+6+Y3KMqyVLZB65jvZlKbeQnpE9m3fPEJMFctJEy1PQ="}},"G/wYhTXarlcYGnPFMu6Ur/0d5rKuI2sj9baX6332b+0=":{"valueMac":{"type":"Buffer","data":"wL4ac1UxWiDYdZO/5WmTBxPI50HurW/PzvmU598WqBI="}},"HDhlEN5Js9pk2sR1eaTYsRO360qfhUVKO63WgymEbLs=":{"valueMac":{"type":"Buffer","data":"txm4wqfNBMc4ITwzWnXLpf9N/298swSOXiYxDLdlT7E="}},"HR1/wv0TU8l+NICF1+7PzKB2lFmhDVI5zr5XWgmQneI=":{"valueMac":{"type":"Buffer","data":"PoMfBcE5wDyO2L6TNXuQus09105ghGLlI0yh94+669E="}},"HYwEXHfkRKNZjSm3S/q28s3hlpb7plUGROQ7x22ImMc=":{"valueMac":{"type":"Buffer","data":"VMajr2Dp1y+nys6CtN7gEs9sJBoodAW0Af9swaP+8U8="}},"HiVEsxsb/8wUnl2UV5//5cpLAcvLHCOSyURaQp7Tf7g=":{"valueMac":{"type":"Buffer","data":"2d9BAvxUAIvamJNhnyU4Oy+AQ6YJ1wk7xqgH75Nz3II="}},"Hi4vNbzcDd3XjJg3MdfV+XMHtaDsRidWwX5w2LI7mts=":{"valueMac":{"type":"Buffer","data":"qhwXPrSOek+f42H0uyQy+th2Y1A7Y3APHlW8H1xBDYQ="}},"HnF/Wi8LzsSBXKSP2L+qCboG6zEjwyjJWFKbgBW/e08=":{"valueMac":{"type":"Buffer","data":"Y2voFFVFLcvaDUcsfeD301j4LnFxqJVQhXl9Xi/5qPA="}},"H1ZPIJovJD6BpNHgAWr/kwbkYDhdwwifSyTnoZIaryE=":{"valueMac":{"type":"Buffer","data":"eL+85pZGDvHxcnlhX2KKqBnjapldjvawKU6ztWhRnY8="}},"H+A4uDJz9wKz4fQ2o4TjboBuz44SOmUM+Hs1kDVf1tg=":{"valueMac":{"type":"Buffer","data":"EOl4ksaflaEuCFgIODl1XidJlYOJvtbVBx5use9g3yU="}},"IOEmLCwTup2w7bvHFQXzeyV41aU7Ge6yZ89YMDKrnU8=":{"valueMac":{"type":"Buffer","data":"ooFmTwSu8+Ktbfm02b9zsGRW28bkuRAiPXoM1b89UCs="}},"IS/BvQiEzGBZee5sbI25QvNSnzp54x3T61K8Xo5DBFU=":{"valueMac":{"type":"Buffer","data":"0YDLu/s6edshBStT65MYCLRq0uTM8ZON34tkm2+g6Lc="}},"ITAxG0v/xQ3QjRIiNJBswLflBO4pWH0ad3J8dpHYmoE=":{"valueMac":{"type":"Buffer","data":"x2kAHoBSZVYQS19rS53QLQajd8GXumYjGrQ3s/SKFV4="}},"IVC0ZZapa3y4fr4U84WkzOr35L7ToegT5AxN3KmP3/U=":{"valueMac":{"type":"Buffer","data":"3XRp82VEWhszjVxcy5FwGEjefcbI/UqrYchpPNcg5vw="}},"IYGyKwjCorZ7KjQLMsRxJtLDkcquArjGnedmC3zn1LE=":{"valueMac":{"type":"Buffer","data":"nfHyr57iqwFe4y44sLeeyR3PfJjFTyyxSEl4y4LMnEs="}},"IYP2etDf65gmqzetgjyTOTyiZ2St7VSai5zvPrDeWxY=":{"valueMac":{"type":"Buffer","data":"rCSoMn7vfJhM1KlxFk6/GvQYh8BTd5SEmwZY1BLpLcc="}},"IZf0pLArDUTAdIfsdliYF5Gontd7jZJx6C+PgtQdBI0=":{"valueMac":{"type":"Buffer","data":"ucpFMNAC4upQz752yeYEWCqHoifiA/4MKpLlFAPTH+c="}},"Iar4smRemNiKksL1/R1Elh5W5DWNFnjLY4U2NYGm5uw=":{"valueMac":{"type":"Buffer","data":"mzm3PYdi7FdWd/xSgQMuL9MIIuuklUoRt4sy889DGvk="}},"Ie8QMpxv0VlahZRMqZxeJcRtonpLB0anVSLvfBawEeI=":{"valueMac":{"type":"Buffer","data":"Wex96WIUZgUHUpEeUitykQjJudcTfXX4tXF4ZnUQBCo="}},"JFmOtzfkPqXQLad7g3W1432fZ2xvksyrm0+yNId8L6o=":{"valueMac":{"type":"Buffer","data":"qdIaGd4KNDocEK1lZTiyZKnyrEUi0gIm0Kqk2H5LKDc="}},"Jb943Vmsw/kEe2yj06tSH222LrMwHk7u8zFSqR2DB/M=":{"valueMac":{"type":"Buffer","data":"aLh0Lsf28nxqwngW4DNcbIqbNJo4vlNkIORZV5ugiQ8="}},"JfK+iX5lwyzvWBsjIyyfukeCK8lA5Kru22yyfXSbFaY=":{"valueMac":{"type":"Buffer","data":"PDVswfUhyvdEwWiLInv+qPldfImySE/jiTOD7txvUBk="}},"Jjea9TW0ww0G+kCcFupf8f8odai+2vsxhESEiivfEJ4=":{"valueMac":{"type":"Buffer","data":"HZ3euzTYaWgrQu/MveDxBavmpmu3E6gsDIfHKS9bUMk="}},"JvDWCjQAnmhDsIGs7jpyOx9/H49HLG2bI8ILMyYHApg=":{"valueMac":{"type":"Buffer","data":"EYqd8enbKmAzIBIYwVWTP69ygnYp3lvfskjQTyiBHDA="}},"Jwi4GcsPG8vopV6rwuFFsDZn+o5GV4ksGRzf+D1UBa8=":{"valueMac":{"type":"Buffer","data":"M00NAZnE0sZhdgJEaFQ7FT7X6Is8Lv/W7hxJ6hGlBJs="}},"J8sBP1h7Q743ou0MQBpfjfhJpvsM3EWdKv1X2TUXQuQ=":{"valueMac":{"type":"Buffer","data":"XUkNF1M8dalJdkIE/nHMRBMA+k4tf85CHeZZtRNtWrU="}},"KBk9t36nY0guhqjnaNsNMszwBnmEHKmaxGQxfwtou64=":{"valueMac":{"type":"Buffer","data":"6sbEwImqgfBzJIUr2ZFtem5I/vhCeW/AohIFtXf4nNc="}},"KHSGdQFCqjPou2+heUqw/oZUZbfPrEWBfa3jmlr18Og=":{"valueMac":{"type":"Buffer","data":"c48hELwCnWNnYhVToZkIEJ7zTsElgr1m/LLx/Ux7cHs="}},"KQAoFpuauVblnCnYbv+6oNK8u5wCkMZHbBoL17Q5cJI=":{"valueMac":{"type":"Buffer","data":"YrRVM9o9ZE9LT44yIycD+fYkG6BmYF7+CrCjXvR517s="}},"KQUkrCYuRhh5/KzKiw3zjVGNt/hEpXdzMoPEJTYeF98=":{"valueMac":{"type":"Buffer","data":"ZbU9QB4gkBI2Dtui01OskgganIr+sKyt6iRE7145HwY="}},"KUfhyILBIH6JYdL7OiCLhxRWaENZKxHanQr4yTJKu6k=":{"valueMac":{"type":"Buffer","data":"JkT/Su72DRF+142CrAlcGVjmlDvWCcRJ+CIi/7ObXaw="}},"KU85HKCkF6zGmT00x7iSIjlH6903s1Q513zl905oM+k=":{"valueMac":{"type":"Buffer","data":"Coy36wzup059Z/9RYjqphRtek1cY+FsTiv91mB2xkek="}},"KyorZRdcjZ2m4cQ89W4ExrwWokv7yLmd38u9ttBcouQ=":{"valueMac":{"type":"Buffer","data":"Rh1sTgTkkkKspyfj7en6YaOsVKBDgVluCYdsBt6n5Hc="}},"K3urc3MZmFrLG0WJ3v3JmnYdJIhC1EbAJhOPnticdLM=":{"valueMac":{"type":"Buffer","data":"bz7GLGbBrzJbLzKhFkDa3M+Y9ibhF72gt9udT9hLjVI="}},"K5IAbwWY2eNzo3jqeC8kjXNs9ezRVP5zcJLgGcTBRUc=":{"valueMac":{"type":"Buffer","data":"1pDyaEazd2PKbu4ed3KnHjdsUaix5xUnlJOyH1PwN9I="}},"K8nkOJsXgTaCE8vJiJcUXJHjsRM4OJtiEkWQEyKCWvA=":{"valueMac":{"type":"Buffer","data":"M8vYnITvLQAkqwuHSKXoHFP4081p1FiMR1JUXbAMP7E="}},"K/ULO1cEgY+gX5FP9+6BRMK3xFVPEE/pk95iHgc/SMk=":{"valueMac":{"type":"Buffer","data":"N3bwP/4Jt5ldSpdYw5QKcsFEuzF/gAu+Ev6PCIqPwgk="}},"LC0XaXrWCfPWgShgz7SjOICHCGE8GcWiGQlqyx8CVcg=":{"valueMac":{"type":"Buffer","data":"BUKLMJXN25q2eYm8LlGhUJU1nSVbLvi89iYoiZwAs9M="}},"LEhwRS06KcSBQZM3Tiqd29Hgz8+7rApxa+KgTXAb+sw=":{"valueMac":{"type":"Buffer","data":"WEFCzkPHeKevSQQosdElDRuKFFjeR8hyxaIgXBcAQhk="}},"LFLxmWkSy+xw79CSONvLQpw0ZQrITW1qfpWXF8mkjLA=":{"valueMac":{"type":"Buffer","data":"9ujYljDd8p5BInnxbvvbc4kSluay2bbdDfObq2LgN+8="}},"LN4gDY7pYa51kLRSSysys9EX1kE134JbVPykvxUynQk=":{"valueMac":{"type":"Buffer","data":"Ylyu1z8HsRyXqlwQ2lhIPbllD0ivEOshSGsSi5QuEKE="}},"LTaguS8Re5izQLj/iFhyzQI6cU8aw/h5024esjSdlD8=":{"valueMac":{"type":"Buffer","data":"EsCTK49X8Dq4ETcYPGQCxyBx11tgY3QYwbRA1QKYLeI="}},"LV+v9xKZjWBEkUxuN8YUQ8ae5byqkiUDvo4Ki5CAFAU=":{"valueMac":{"type":"Buffer","data":"DxBloLok/fuLeEjCaR7gd2yuvAsyblViOgtkA+HimoE="}},"Lai8SASmNcfQCdd/0CfDa865pS2cTD/nVW0eo4hyCao=":{"valueMac":{"type":"Buffer","data":"PXxbOOQ04fw9xrHhnta1viM5bjKr3JmxJj7jWMO7Kys="}},"Lf0iyf2QfTaOLBoO1Brm86L1bPfJ7dkhlVEGOFWYFwc=":{"valueMac":{"type":"Buffer","data":"+zfVrlrHpocJeD12dKaOMq/aDAwKcldf4y0H3ih8A9k="}},"Lhco3JDpSwsxp8PVAK3Eu4k0Zk/tl4tBOYucpv8Pt54=":{"valueMac":{"type":"Buffer","data":"c5a2+UMANTCTJrsAiZ2vASvz3YObKn5MuC7CI8LSkeE="}},"LmgBgJvlp6rcS6TJKD2sFYbvrU+csmyWhtesM4sL7uE=":{"valueMac":{"type":"Buffer","data":"zchwgYZWChfo4MTq800SjIITjRup6CGIhnf4ne3C6Cw="}},"LraTHuLU2To9NtqtGZ7ZHIllqi9UBdM6ExmrxJeARsc=":{"valueMac":{"type":"Buffer","data":"Dmlj78G+f8lapifHb+wQEs0wxXSIL3UWlQ0BePSqTOc="}},"LszSZOLtKSLh8TBFI60OiYVlptyGi9dzDOU/kKfn7F0=":{"valueMac":{"type":"Buffer","data":"W/hwu9G1/yv+/f9B4A5F7aJUsJpXDlmFkeGwVBMMWUw="}},"LwWNK03Ojvnt3WXd1GzFs8Hc1fX4zszcgHxXmmGzDR0=":{"valueMac":{"type":"Buffer","data":"X4yU81unGF2fUPnsg7ssJRkqBzs4016v35k7bfW/BhY="}},"Lw+E4r4D1q65wMQnUnjovrNZYiZ3EcutkqRRiRri9QU=":{"valueMac":{"type":"Buffer","data":"GnGAKi8gAdXeeodigcD/pky1Elx3qa94bTVOfxqZfT8="}},"LyD3R0VCL/dQXKdaml/w9qTRKo96rxPVte2prHFGZx8=":{"valueMac":{"type":"Buffer","data":"B90woGiDEE9TvvKBnb0xsPYwNCLgHcmn7MsCJ6voLYE="}},"L2j3AZaORNc4FI4I+jXV+e8/Piduyn3ht4i10627iUA=":{"valueMac":{"type":"Buffer","data":"BW3Lfl2wox7BAJNTme4bDv9ekyA6Coe58aHZkHdlr+Y="}},"L4A/2HmveMYb6oZzwfXwkhUKNcQBhr7ZPHbuWVYzFdk=":{"valueMac":{"type":"Buffer","data":"J+ODffvJ6W9hlXLSZ/WKwz6s1H0+hWr4Xqm6ev5Zck8="}},"L4YN1uwLHgPhq4EP+OUeoCfVwqPpHqUrC8mKF9kV8rs=":{"valueMac":{"type":"Buffer","data":"2sRdVQNlK9MJFAxLK12n7Gxvd4u+nkv2fXc8At0yFgw="}},"L85TDotlx5U1i7V5+diBeU2gzGtyFMW3ogHlNhYrNlA=":{"valueMac":{"type":"Buffer","data":"N0wm1YA8ILACy8VASS4iq0PkucLXE3cEoNrkt8+90x8="}},"MGIEE6lhFJ8at4y8Nz0olSBxTnYx8M6AipJFWS1gXYQ=":{"valueMac":{"type":"Buffer","data":"W5MM0X8K6AsrvKGWIQ8FZ3TuaFkADThAXFLP+N+ROk8="}},"MJltrQJz+HEud3EyMQIN999mRCFwDtGVIB21gEuasB8=":{"valueMac":{"type":"Buffer","data":"4GdscDsARRWVoO0xNeU29CN52IejP4FYjEJ4h93bEyA="}},"MbEyaEiNHILfdNxNPLb+fC42DjqoGlDvlvWKsSlOwRM=":{"valueMac":{"type":"Buffer","data":"sjccvY3t/Diwf/MKJMRuDsiIKsyCBKcbqXck71v8U2U="}},"MgIGsnkR2jWf3F/im8bQQeBTc+tRjfZ99RkWaeKfe2k=":{"valueMac":{"type":"Buffer","data":"if7wzxh+DlB99h2FCF/+AlnfkDjTXSSBqF6GgL2996c="}},"MtRj2oonWYksLZkZLyWUtJF/H56tTaquHKC1GYOZRKU=":{"valueMac":{"type":"Buffer","data":"VTliUXqudLVCIJHgtYrXDkwk00M/SdqzzlXSD1gQ4lA="}},"M9DydxAQbF8aN5ciMe0hxxNnYez8E7BN4P7lhi8TMic=":{"valueMac":{"type":"Buffer","data":"9fBAe8cjT4pj569aY5UhK9L2aCbNYsw2ADvMYFtjhwU="}},"M9XYdtJEXwGrsFCOOBhl4vS2iFRDWm0Uj57A96krhZ8=":{"valueMac":{"type":"Buffer","data":"yIzt3Zyp87IvGopldEEdRFxfMXqb/H5NAROwnh5l1aE="}},"M/qVQICAtQ22tZbuX+qXuyEWOuMsuzkahQAbbunHZMQ=":{"valueMac":{"type":"Buffer","data":"/PmBzvaD6mZ+TOrVDHVXvyvnJR7pfGNQtvNIP8uFwDg="}},"N7dR2Mr3kQXiJpkHXxxZAJ4uzAJtqnVwRqHdDIgJtyo=":{"valueMac":{"type":"Buffer","data":"plgxLIZM/1Yr0NsTdfdn1te4JBoYqhFyPHYXsuX2AE4="}},"N/BKgMnBn3kzH1sZM6FY121lTUa1Zez9tjcrQiSGHfk=":{"valueMac":{"type":"Buffer","data":"FQ8aVKNbK5zym4BjjNq6nV+LjlocYSjyIwhMD6kiKys="}},"OG5AcGu36lKbzVP94aww3p9nfurUDg0l4LklVaJjoZE=":{"valueMac":{"type":"Buffer","data":"JDoDfRKMXMO2qYZ723xeOKx5OBJ+Zyn+ss42RbP+Nt8="}},"OKK6v6qkyyJ/Xuiwb3w8S83HDa8aJk2mVGt5xuhSbbk=":{"valueMac":{"type":"Buffer","data":"NQV8lhJATGY5eg42pe+We9FZhGvv+2jZ+8luUlDHdNg="}},"OfPCEzLdRhMxywUdfBvfzGOfXQMbu6hlTy3BCXMBdr0=":{"valueMac":{"type":"Buffer","data":"qx/7v9NK8lQLZH/txYazN7foQ83JuQFcZXGNd2HirmE="}},"Ogss+rqUISuNPTnnx69HisjhppSBWYAF9BHcwuUv01k=":{"valueMac":{"type":"Buffer","data":"fHkAOkB7RIhs6d7limd8RUtqk29QzGlCDNr5q8v4ipY="}},"Og9Hc/q/+Msbf32navIM5DwCn0xLRSmNl6HwBXs0kvc=":{"valueMac":{"type":"Buffer","data":"oa0ru6qa6fVdJTKzVp3fmiiSsikYEQQLcuwO1iPyBQA="}},"OhujDSSvlpj0hG6bLVNAQC2cA/jO1nUXNVHcIfZddMc=":{"valueMac":{"type":"Buffer","data":"kNDtC29wkTGBgNtkP3r3aJSmK79yKU5JwLo7p/p8HAY="}},"Ol8eITDhWEavB6zfW5jgVbsjnpe1928TTd7OEAMXeU4=":{"valueMac":{"type":"Buffer","data":"+52t8j4wWT1iAywo0fCOT4aqHZ3AlbdGLcLdk5hZzSQ="}},"Ona8RDwSGTZ0vwuGjajJJCPiGjt70B10V0FuOUHSaow=":{"valueMac":{"type":"Buffer","data":"CjhP8c4dlGfBv4yvURaqScSFtk/pmV9SN41CUO4B038="}},"Oz1GVrTnfzh/6b/mFks48j4tL9fzFV7YuwuntNOi5kM=":{"valueMac":{"type":"Buffer","data":"VomtKhdoPDRVWIwjMW6xJljWFp4kws+s2vcEB4kdPSA="}},"O2WTIIJj7sqcpQo8CPDbhKaPsJ06uvwLLIaSSAPpuOU=":{"valueMac":{"type":"Buffer","data":"HM7OA/af4VJEV1F6BNLUwRPYWF9YxiJyke9aEKJ6TAo="}},"O9aqVtnS57/Qa9lm79vEHzpnnTvvWB1w5Q0nP1rbuNU=":{"valueMac":{"type":"Buffer","data":"pd4tfMSubfbGIaLE3y/iPBkiQVJumo57mwdefr7H2OQ="}},"O+9+KEko8GMwNGacBjYElQUTGyPvxb10Jww2cUupTMA=":{"valueMac":{"type":"Buffer","data":"fWqwFxNRdXrmKB1Lj/dE8+SbCJqUf5rH8/zvEZZBZ6U="}},"PAm2QDo9rMBK99nngmkrgDf+xJdXFaP+tCEkk3CWDKw=":{"valueMac":{"type":"Buffer","data":"quOyiszmRICSglym0O/GBi52QiksJ5dcHtsQWxoyQbU="}},"PD2FaAzJ0wObfWWYWcJUFRXCdshR7CJpswVfxhTLY8Q=":{"valueMac":{"type":"Buffer","data":"CDiSW+fLHYwzB0glcqc+xggG8DMcoDkq2FAhHpc/Sug="}},"PD3QG/JpSK96egPsWx6LwU0kwhNinUJJO0IURtbgCUE=":{"valueMac":{"type":"Buffer","data":"p0/GFTNNdA7x292nnpnI7NfNBLotBnWPGavoZd7ygPc="}},"PIMJb1Q+cFr2N3jUXYsHgMFn4aFfw5DwwRHxZRfMm54=":{"valueMac":{"type":"Buffer","data":"EA63Ui9kbeFQfRrfP1n0LIp6r6L4exeFiL0OYNTAUZE="}},"PKoyMsa/YNLTiHKYAEje3NyL2rfuvx/decA2s0+m/KA=":{"valueMac":{"type":"Buffer","data":"NTBIMD5wGw1Py0sEPUgP90Pau0SJcMH4RPZAolgT4vM="}},"PLlAUM1/1/7EprMT6TG6+bdDETp8Z5UKu/6FI5Cy/tY=":{"valueMac":{"type":"Buffer","data":"RFVLZ9cYHkacwHtaNNeItPQyrilmTbFtcxDqlrSY1lY="}},"PQ8mTCF/1rkCZWiwFd2D7reinV533YDtFFAzjb0lT/4=":{"valueMac":{"type":"Buffer","data":"T+Us2OCRXH1bHrN09zED+Bd7gpPUJKtwYbr+zDisePU="}},"PWD+rQeBiE1fFOdOg9icexWKO8Ay2DT9Brbk6ma99FA=":{"valueMac":{"type":"Buffer","data":"s4lTOxUt4TsYCGC3sD7GSzZqB4PToOx0JWFAfaJo2Uk="}},"Pe0AgYQi6zpLPRPNraBvcuAE0V91VtFLC3eGK1hHwao=":{"valueMac":{"type":"Buffer","data":"cgMb3sn6hfJYAVEL0kXS/aUt3gA2Br8pq8KZsJG2SKc="}},"PmEVRr0cdMhegSnv4rPw8FfabI0HK6jRBaFTjIpIbpk=":{"valueMac":{"type":"Buffer","data":"WK2dw8nOW3FQ8BvqnlUzIx8oJIDjJFIPCNZRQL+xqeA="}},"PwuwLTVZdstXBCPHOH6zjP8+bK/yOJNDCgp/utPPRIU=":{"valueMac":{"type":"Buffer","data":"7v5iwWm0OXlTNLERja7BiqGNH0ZVpWK7orone8zWq2E="}},"P4xN3egZW/4PdCUAC+tXwvWLz1/9qeTq6EsnfDlYAog=":{"valueMac":{"type":"Buffer","data":"srjH5mAnhuF7Z2eAUahGkaEHUTF5jgh+Byye3/WaNdk="}},"QAWr1ZHbvpF06WL2Yh0hqoRZHBvS0jfKUoBgO/C27Uk=":{"valueMac":{"type":"Buffer","data":"7yGHqZ/r+MLmD5MpvK5LrMWFg4AmnlDcYTCI4WmaKTk="}},"QKg7wb9boQRnauystPgUzQi1H3A4zXYuhlBzVPW1tqk=":{"valueMac":{"type":"Buffer","data":"OhwPW8qw4Y/77rM4jBDy6gbDHxkDaj/uHq+JoODgiO4="}},"QVzUiGR47XiDMN1fappv0Nq202zC5Hc53v/3BwMcR6A=":{"valueMac":{"type":"Buffer","data":"xnYGC+m1dBPZ6KAAY+JdIIDglc9ijWAKwu8bgdDbHDU="}},"QucyDF+9l8bIWOmQ1R8LPFlym7Ih/+GNI4zzc3Pn9DI=":{"valueMac":{"type":"Buffer","data":"ysRNUa8WiRy/V7NKP1g7d3GYEMmj2gvFq6SIL9MH7ss="}},"Q5Dc1r2O2kTjv2pK1tJZRsEp0Y9pyf+S7eHvjwkIlXM=":{"valueMac":{"type":"Buffer","data":"CtGb2e80Dq/dLzae2aWPxRraZ5Ektn/9mIOa9NrL+kM="}},"Q6Tmq0uH/Tu0OeTItG2xSb7ZNcZBED0SQjfJj0E8BXA=":{"valueMac":{"type":"Buffer","data":"G2QVZIAQ3mLFnu+b+YHgyCy/NUvY8OgpUHjX4pSJg5Q="}},"Q8xLiUoHdgeSdsCAtIE/k/Dml5iiMuEc7keAS/G+GMI=":{"valueMac":{"type":"Buffer","data":"KdEa5A1TFzX8Gsgds4IIHJRGqW4Iv244XbpJ6ZG+0xU="}},"RJj+rvVP2c1JTXW8mwyE+YncjrGYQkqlsfRQ5kGDPB4=":{"valueMac":{"type":"Buffer","data":"RqqOPP5JiVhcqVpEFwnGiPF0f6UYFK6nPf+4iRdjmvQ="}},"RLQePHPfTXIQ4vTTk3V+Sf0aWIjVpABakxmjxcKrrlc=":{"valueMac":{"type":"Buffer","data":"no5OzPiO3M67CLlAy9wAWSDSHKBlOmu2b8T1S6NDw+M="}},"Rc0QpVDa9FxvUkHEYqZ8nG5pRqdgaX0ozmMNavhx0+E=":{"valueMac":{"type":"Buffer","data":"DNyCvSBUt49Q0ncwWmjpmvXhL7CyEJmnEBU8Io6maqo="}},"RhLxUAfCqc1Y7n/aPHnkCINEaLeXmuXGE9UqKYggxgs=":{"valueMac":{"type":"Buffer","data":"73zJ0vNK50W5iE0pp59citpNmWE/q2JWcp52AiBB6H8="}},"RlNWVVH8TEjgv1AGSISyF+O8PTJfpvdlNqDSDj8NK98=":{"valueMac":{"type":"Buffer","data":"/aeBzWT9/SK2OWr4N61RitbtIcRufsUTGgzFzP9fQ3s="}},"Rsoi+ibEeCl7Gvk0O9QHkttzNwROE3JmTM03/Z3nX7g=":{"valueMac":{"type":"Buffer","data":"wrMMhfR0n6i4YDzNfT2hgxOMJbQE3hudcWnL3irVCwU="}},"RwY3wgiF59hshpNkv0xsHxbOrQaX1N0odoPDNCtCN58=":{"valueMac":{"type":"Buffer","data":"R4diWNw+NWH8YPjTWcS0ZtxWQH66TPepEMhvC3T76CA="}},"RxklLa4O68okd6fQ8AgoNKgMG+Te00YUBW2gzHxYszk=":{"valueMac":{"type":"Buffer","data":"juOE8QjtNXoz9UtR0T/PL7uplUf6JESPHtRToUMDi2w="}},"R3qXjv2h1dKadziJQfGd5k8vwV1MugxsP8UD/czY0Bo=":{"valueMac":{"type":"Buffer","data":"a4O6//0ak0B2KBQcSWbqv913LBP0LaFikqFge7P5jb0="}},"R3sEH/y6MmHIWhdDRQW8Zhnkb+vvUcMFI26RhpUnxAk=":{"valueMac":{"type":"Buffer","data":"UiOgaBk9vjGs2vbB71A1HRKL+CMA85GHCBjI8/aHeCM="}},"R37bOnrqjG4P9tZJ2Su8vx8DH7YvYmJpISXZtUuhwec=":{"valueMac":{"type":"Buffer","data":"/I2fCh0auOVwlXf1x+A4eyrZT1lGGk1MY+KJT/f3Jqk="}},"R7WAf3u4O6yxwVcUOD9WsVUClywEYB2EcuXuaqpL/5Q=":{"valueMac":{"type":"Buffer","data":"czLFQaAzQF94tuiNknhX1/7eg2fvkkdNMY1uo7J/RPE="}},"SHkDTGWCUITG8uHGGiexr50C2aOFKSyhiR1cZoxP9zQ=":{"valueMac":{"type":"Buffer","data":"390p6Y1urDoKFAzJxT0r+XYLI07nlghAI4zmHQhlFVk="}},"SOHXm+zbdAxqp5E0o6EMCArUPf7jnGVli0vDU5f6leg=":{"valueMac":{"type":"Buffer","data":"/82r+EAMxrjYLaqwSHSz+BDv6kh4wMd+3NgTU+PABvA="}},"ScWguBvX/N6QEWT/oTozWrCVcIS/npxgKngjRFeKTgo=":{"valueMac":{"type":"Buffer","data":"tkVsjSO/9gORZNUqUVCqEulYwxcM08NlvfZIDjIpsdI="}},"SfO1Ned/L4KuumDhNcqkgDE9GZdtOkbI7ym/KBkxxLw=":{"valueMac":{"type":"Buffer","data":"2i6HAabQQ9jgwKNkB3Ty+AMsnGMxN7hey4JuJLUFBQI="}},"ShrxeGMN8o2RPSVdUvIwH+XKSCQmjX3UZSibB2AZEL4=":{"valueMac":{"type":"Buffer","data":"4mbKKLGdGSSCaNRTs5hjzgdqD7RpMQkBtxYVKaYvyNk="}},"SjZWy72NYNPnhQT8GqbkdykbNGL05g3CksNgpTW0OkI=":{"valueMac":{"type":"Buffer","data":"95zcuJ+xPsLDRPjbGytdWKPQSKLrIPFj4SpxXYLiFg0="}},"Sm2ay67Un62JYMszYXVaMrCByv+AEJIZhQ157yyXt9s=":{"valueMac":{"type":"Buffer","data":"DqW14iveIi2v5rM461OFptfE0uMIG/ZBaArgV3hZYCY="}},"SyNeyGJ14PB9Xaf3Mgk5Cw41yoFPECaOgjCri1D+Vvo=":{"valueMac":{"type":"Buffer","data":"kJ99+lioAM41DUrzWlNyz/MWFgHqcS3l04JESbfN1sw="}},"SzNBqlz539f+8KT0wKop6D5h0YdluB6MiYCUEdfWEg8=":{"valueMac":{"type":"Buffer","data":"dzlnrrjmCsptNVvDnW8ivL+okKiW//zjSc4rwOA1eGo="}},"S3ddOYzGSCImjvRzhkxd7sz6YIrbWkFKhj92PhLRWoQ=":{"valueMac":{"type":"Buffer","data":"TNykScdH2SvUDxzoRCok8pQuFC3TaKxehA5yPNU5C7g="}},"S4HOs/P64srDaaS4vWiQudHnkoAGwjwzIHnpVqllZqM=":{"valueMac":{"type":"Buffer","data":"d5iLnNE5qP6sGyr8hUDHh9giAIHOZ9vD54BwBCBsYXM="}},"S7YsQZgnuA/bpXNJc/9GEJFUPW5jAE4P46yUvhTeYGw=":{"valueMac":{"type":"Buffer","data":"eMuWT0u6Iz23gzTwcwKSViPRVuRBga6/dHJAzWy6cZo="}},"TOnyc9yyD5Xl4hZlsRTv5ZSk7KmC4I6TyuystmcSkGM=":{"valueMac":{"type":"Buffer","data":"75u7Ch906wKgBnXromtHn2X12ZSdIxPe+uVSlD6tfPo="}},"TRo0l85vHRjEITOmZ1J25zLiXsWdQsPzOAktfhL/ZrM=":{"valueMac":{"type":"Buffer","data":"eTajeAlEE2nQLnYHcaC0YV1UfoCvqK2jZDcPGF+Eiak="}},"TWORobqAIR0dcxJoCSIiiWHxoywI4cPA3KW1HkX2JeU=":{"valueMac":{"type":"Buffer","data":"/BAqwfB1kIzGiMEdkrlDyz7JpcWgPcQJ09gXxFjOIQg="}},"TdClM9R5OEbmm2ObSbJt6ooOWc9zHiMntdfiyc5eFig=":{"valueMac":{"type":"Buffer","data":"MiTPS0upVKuC/8566qq4Kw6IKB/BNtlrRLPyKSx+vtM="}},"TkAlEIIW3nJFR6ivjL3miaOwajctGJM8pgUcOphVkiY=":{"valueMac":{"type":"Buffer","data":"XCNLoKTwxbVt5csO2F4/bYYMl2rdTJ0y2HZBaZnM9Zc="}},"TnwiYyJQzN/TVSyM0qKmZVsVq5RVR6PF++j5d7aVLFs=":{"valueMac":{"type":"Buffer","data":"W01e7c6nwNEQBUg64uBgIsMfCGK35/v2EMOlufB/hqg="}},"T2Vosna5HF2LKF7p+Xj0VGUkoU3xN9wVanrdAZpc9bU=":{"valueMac":{"type":"Buffer","data":"XspHrBRHnZVfwYnNgNo/aHC09+AJItE0SWDSvycbBNQ="}},"T8Ga4zT7GmaP7SxTomJ/jqnrY/62UrCp3SYNBM6g42Q=":{"valueMac":{"type":"Buffer","data":"lrHIZiBJRP48CVLuzkTLYE/U8lPzACSbJJBZu1ICOOY="}},"UB3nsrM6anlLU5fE/VZkXJAjsS20eMRvMq1lfWGRPPk=":{"valueMac":{"type":"Buffer","data":"YA2HT4Brl0GXkZjYHPuCozExy6PlpZgZy1tA+FoH/vc="}},"UE6bRSCqgncN86+dgayJHII2GpTPVjrPk6S0Wrofgu8=":{"valueMac":{"type":"Buffer","data":"DLIE6ghL1IOptu041OnZtXFyncDWAulvQ4NwwQYCLH0="}},"UW/Brf0VrXJoMFSXC9+2RodxlEfjxJruQpbSDlPWQcM=":{"valueMac":{"type":"Buffer","data":"C+euAcdQXBYEgzwssAmGkfjuoyWye+XA2oeHiOn1VbE="}},"UZYH3AKH2Etyk2NzAtu24oqtwu3jznSclPlq1RC5ScE=":{"valueMac":{"type":"Buffer","data":"pR45Ici2DLs3JkHMrbLVlFjGxlrS3GHp/MFOtBm2oSU="}},"UayayouOACfwLK/Fh8Z4LKaytGznfPWJ95pYjNiZsFc=":{"valueMac":{"type":"Buffer","data":"zRhJzpR1LHDf+6L2BP2i6bwat/8rWytMpp+z3ud5zXE="}},"UjH4aUKBWiTW9btQf3CqDmTFiDHW+6gM8ol/+DGpLhE=":{"valueMac":{"type":"Buffer","data":"l/hJqrkV+zVdKDc2oUNQz6IpPfntUr84FKTvGuIQ5jw="}},"UqOugwgXUFt2xUun0ou9K/6Oo4xGUxzAEGtQ4G+8pjw=":{"valueMac":{"type":"Buffer","data":"4/UHEjyohiC+1t42OX65jjAp84Bg/f2FaDzRD4lYhEQ="}},"U05SyfQAgwo9o9dzoRxAu9SLX42lZaLt37A8lxmQIgQ=":{"valueMac":{"type":"Buffer","data":"YwS4yJGVC5pV5jpZSq9ACgEJqL7tbwDILyv/uwxxGQM="}},"U7dXoYpQfmPsf9t8qY1ZJ9DofalLKvlDkcFti0OKgqw=":{"valueMac":{"type":"Buffer","data":"zlQPkdS0Dt5HoFbiWWiJl3yQtu2IWXnP208tqFmQa6c="}},"U9jHueyhjs/4CtUNlgf5+AzSH+cYO76i2cdI9UupKLY=":{"valueMac":{"type":"Buffer","data":"Yrb9jlz0BhaIlvjLW4IxE3dVqjDEsPf7xJKZJ1CA92M="}},"U+c26yCBJRVzt58fX3bL7uDgcEmcmyhI5kYIWmcDmTw=":{"valueMac":{"type":"Buffer","data":"NOWtu7RDBwnFLF5wq2U2N3a9Qim4AXQlx9at/PT0NgQ="}},"VB6JM5lyhJmJqBPHdI7sxp60mkV33nn+rYEgkB/N5nk=":{"valueMac":{"type":"Buffer","data":"KFi3IuwwZObHUHKDMB7NH/QbfRVI3W3S9ozvDI6NzP0="}},"VLyCPY/wEVCbfTbXxAA5MTDwkb9936AKBvwD7ElTGR0=":{"valueMac":{"type":"Buffer","data":"dNL00hQrGtNrzVPAzPGTTTQa5J+4QsZPYDzu64PrDXo="}},"VT+QZEEHIKdIyu20VbxcE6R3rMUhWBqn7KY3JVtbekY=":{"valueMac":{"type":"Buffer","data":"BIF3EyH5LlkOV5XbKZij/Ih0AwcMKuYvJVcHA2Oq+BE="}},"VVN8URkdJKxuqLkGZtMo+c379Aou1J5PXU1Qi5bDMXg=":{"valueMac":{"type":"Buffer","data":"wdXZvBLb5mfb9UOIM8TLMCRGyD9beW97hE4gSdskqWI="}},"VZn38mRSw+jmmBOqbg/cuwUBJUI66TJT7W+M54rv2P8=":{"valueMac":{"type":"Buffer","data":"31Em/aMKghuc+vI6gBaQl22Mm8p1KXmalGGgXQQH1ws="}},"VuwlWkjzvsqIQ29LHqLhPKSGx+/nKJpDBTfIwbRhK04=":{"valueMac":{"type":"Buffer","data":"oNR/DrvrrPNE2MPfugZtHdOQTZ08tK/wfPpkDUW6wmI="}},"VzLBDFdb7VJAPyoquMUmnUP/E+67+ICTAPDJmk4DMO4=":{"valueMac":{"type":"Buffer","data":"AR3nspjSZB7klXGjiNdDzPFOAy7dOp7Gw3bH+3h3fs8="}},"V1Didfa7wmR31Hx68lR8zjZfa643l1mDCMzsEDRROEc=":{"valueMac":{"type":"Buffer","data":"GLWWkQkmprVT6l7UCz153GqUys6RcJv/rXdEEG6Uhas="}},"V84P/ZZPgAx54rp2n1jQPWeGkiiJMLz4fT6VOL56Cm0=":{"valueMac":{"type":"Buffer","data":"eGaPub23BHl2+HwUPy4f/zeTuibMTn1f1ADvWY9L94g="}},"WBJ1evJkIUxKKUzVpnp6Njx94Ja7WamT9p8FD6OsgZE=":{"valueMac":{"type":"Buffer","data":"uvdVMJyErZiN4N/6YxYXvNMGnqVKAkTM1cVELztTaY4="}},"WE+0o3LBPafOTVyo28j4pc5HZZqCcsIGh3P01U1lN1E=":{"valueMac":{"type":"Buffer","data":"Gz4ntV+PNXvzn6hfeNFb/uJn7iL7agQqxvpjQtJrGh0="}},"WM2Aw+EhaL8L6We2S7oE8rAc/8KwEdtIdPSFK8R13As=":{"valueMac":{"type":"Buffer","data":"VjZN/OD5evZQ5KVxCWCtAKAYkMsFaefUQ7YymZ9k6o4="}},"WPmE7WLwx4h61kTj4aeAdIBb6Fw9T04c0mT67W89+lk=":{"valueMac":{"type":"Buffer","data":"vdV6OuB2F/EV3m/EtFbqf0WYTI5jM0AVSuWz5HxsdoE="}},"WXWZzWHUoY2NdQmc89NxWE+QQxEZq5AMNO0BLFXx0ZM=":{"valueMac":{"type":"Buffer","data":"m7kwv+60KOnPHLDQY95DbhHVonl5G9xMWrYVBRyasQM="}},"WXj/vXu50Qsw8001vCKcwY4I5WLEWr5Fc3ds+Sb4dgM=":{"valueMac":{"type":"Buffer","data":"fL+K8NX9vcLMXDCBS20brr5KkVaHoTtWU5p/lQ9Jznw="}},"WghVE7p6L0vBnHs2G6L/Bj8R7oSACx36fE3QhHwIvyM=":{"valueMac":{"type":"Buffer","data":"3RBlsT/3lz1OQ3H/iT27EJe/RtkImjJBycv8oILIJVw="}},"Wi895PA8xVg9WdAsN0WKA93DK/+PM6AqAKgBnO+41rU=":{"valueMac":{"type":"Buffer","data":"+MOG+VY/Upb/Kz2+YsT6O2gOboY20wHkzPH4VD25zug="}},"WllbMe4FTn6T3znlBc0fSKHBlrm8apRNpM26PPNfhxs=":{"valueMac":{"type":"Buffer","data":"Qtvjq3qaICwhnDTWEyHjzBNG/PPly3/RDIxx1f7GJsk="}},"WurDBO+aZ+R9iOdUoWndJpKDH2cHyWqRSssQc1yEOC0=":{"valueMac":{"type":"Buffer","data":"lHyTahHyNJ9VBkar+noQJoj0FCeYCzcbQ1hfb/FYpE8="}},"W1DoyOMji+XTsc/kLX0uzLf6Zfsr5XzFI5DSBZdSH8Y=":{"valueMac":{"type":"Buffer","data":"LvmdZK3YYWh+L8UngnB9W+X67JxHtQ6WZzkiiScANzY="}},"W1GqNQZffZ+varmkgl8DPru56wwf5u0BU68ykTTXqhw=":{"valueMac":{"type":"Buffer","data":"xNHlx8ooHpJqloGk2bVKKp3mrvggzKd3j0qmB8iRep4="}},"W16j9FcKFatQE9CiV/cy7hZ34zu4imsseFmnu+dGpO4=":{"valueMac":{"type":"Buffer","data":"zDF/tIPIOrGB+PvvL0pFBAUQHVo+UmlJ0u3Oh4mELDA="}},"W2KcoDbomVMpOYQ0vZYXMfgq6c03CU4WP2NHO1niSLs=":{"valueMac":{"type":"Buffer","data":"3n6OOEnvFnE+VIBcjeJz+4r6W1NMcnrz4YueoS0ntG8="}},"W7Awv80qq0gIpiZYrVu3KwhOfIv+5su661dqVekrv/A=":{"valueMac":{"type":"Buffer","data":"WqtZpW4usSs8leBy+QV34KSqMAHlvLcy0+Jis1jw2c8="}},"XB7Tg6YQ0Al7a23V+O9CHXLkewIUIFrgHA7yfR/A3Dk=":{"valueMac":{"type":"Buffer","data":"esk2HTahNe2TexRfikmEl9vWiHCy8IA6afcylx+qKL0="}},"XDKC0wFDD36/IMvBZSyKJHN759EqtSFurSQZZkpmRlM=":{"valueMac":{"type":"Buffer","data":"IVHU1fPCHKBt63ja9WAPir9TDZGKD9iGWmw2+Q5l2d0="}},"XDlGZtIUps4Ifz2aA7ATMELN9Dro9ospV8GMJnHOhxc=":{"valueMac":{"type":"Buffer","data":"Egqo1lZJb0IDHlU1l78uCXBWDtTnDfISaxDROjllpfE="}},"XF0urcS6XoBPwDngs8G0eD88WWPkf82rmuPIqJeU9B0=":{"valueMac":{"type":"Buffer","data":"fVhGXut+tR9sTvJ/OWnG2VJN0PBMGea5wuZtRhGACGo="}},"XGYSyeFHqlIiRvLaYlLFRZHIMvqtODf0bsqj7PLIJOc=":{"valueMac":{"type":"Buffer","data":"edjy+1apeq5yKN/J3NRBikM46JUGoChVSkh/9oHV2/Y="}},"XKjYsQetRPlZqj2pNSB0/nHI7l7k0v9ulVe7yvXCgpA=":{"valueMac":{"type":"Buffer","data":"WPdfYGxOZCfx45itJgeQhakselyZ47/HmG1TTuP0Q7o="}},"XXsCQfSF2KykVhubRTmLYsUdjXkAqbv8mpYnTmRad2A=":{"valueMac":{"type":"Buffer","data":"s4LZZlGBXe8gHlTTzIUUfzk0P0sR8R5x7VHzZ+Qu5Kk="}},"XccVqlwCU5AvAx6/esnzOU6pQr/UkwZRwezEDEyTVQg=":{"valueMac":{"type":"Buffer","data":"C8EsbD9XPNkUF9lv4c2OAA8zfGdEhrr2LvPRXHrlrPk="}},"Xm0FnJgaAakkrp3mnUW8thGpBRCh8Ba20abh56NzRKo=":{"valueMac":{"type":"Buffer","data":"r6jN1rRwow6DMTGLfU9cIAbEeW/mWJU9UYt5RA3wCgI="}},"Xq35aB29h4DltkMHDmekqB/WHDGuWBsljyzx2oH984s=":{"valueMac":{"type":"Buffer","data":"rPipSsY9z959G5o5l5nNuLzt6Xi+8sAQIM1N1qmnLeE="}},"XytgRQd/vBUqbSL9pwbjh6DwIEXqE6VVw9758ue/2t8=":{"valueMac":{"type":"Buffer","data":"xfepRZGMearq43glHxhuDhyJzRoWA6850kUnP9uLh5c="}},"X0mwq7AlQOkVs3RvE9CVDsnBZre0+VnCNfbpPQmOqgs=":{"valueMac":{"type":"Buffer","data":"+E7F8imEn6bYztVyZkIJu7SE0OSF4VYTwT8V7iZ58gw="}},"YGrkzkzLzTx9d5bZ6xus3q0Ji6SUOY+yDORYfM8ldPk=":{"valueMac":{"type":"Buffer","data":"9CsHqnDgJ1edfJ1T9VXAkqmfWY4BpNyE0ZSRQaX9pEk="}},"YWDIYnk7j0RTrQMU2yzGp8vt2M2eQXV50jEuMEJ1Ukk=":{"valueMac":{"type":"Buffer","data":"ET2mnbJmlYl/mtNp1f1QjOe+VKNVEM73/GakTJLJUVI="}},"Yb3S+cbLxMqmQ19CU7ExEOb08IE08qM3h6+5/OzBZrg=":{"valueMac":{"type":"Buffer","data":"G11kzQGv3Q/AaGognkle3SvwmZZa2FAzfs7fOJUXUvw="}},"YdilJvv2Bp5dAPTLKMTnb74XE7fy2CvdY2R0T3vCZ30=":{"valueMac":{"type":"Buffer","data":"QbL9jRuVZpR2H2g2T97HuBYeB9HPc298c2df1fFXVO4="}},"Ye/8uFvVlj/s6vd5GsaURZJj37NkrkeFZrLJKLm4iZQ=":{"valueMac":{"type":"Buffer","data":"F9CZsC8qPtZcOd0cfpRTTMNFdtgaEq42LGHjIYrmwr4="}},"YgdUSqmmV0w1Z3XKeh4rLoyxqHO0SSxM2vgsGUaEp3k=":{"valueMac":{"type":"Buffer","data":"ddXO8JpTJ8dODVzLKBIZ/yyPxwFp6exlXtAQkAopJMA="}},"YkkB1ypxfQcVILAYXxZQ18ys3wTlkjRWcXfXRAupTw0=":{"valueMac":{"type":"Buffer","data":"QMGDai/Om2TUp2aebtqDootHopDAkKF3WGEbL8MUSHk="}},"YptLEMdCnF6r6bOD0+vkafZi2gNQcWSUHDqoJFkDezU=":{"valueMac":{"type":"Buffer","data":"isFlvc9EUzeamn1+Uya2asM5TF/nflkz2Qnzl/bcw0w="}},"Y8b6l0aMLtD9I174a3FL5rKj/9Gk09XBcog3wEpRHZQ=":{"valueMac":{"type":"Buffer","data":"csc6oxUyAUPxhJN1NeTNGaMp2v4nrH1ObpvCFJ4oKBM="}},"Y+T/3K/J/D/eFE3hFsmUCHP7GAz9gVG6hrRxlRQYmKU=":{"valueMac":{"type":"Buffer","data":"TyMRNoTmqrt5g3YH+INW86qBgUPOWk6dmLw7WluYDrY="}},"ZA+3nW/b3MOIRtyHgRFwfzSbaOmZlNcHt25t/FxN/4E=":{"valueMac":{"type":"Buffer","data":"I76C3yCqw3YAClQLeeTlAioWtzFfB5nzQMW3lHPw3Tg="}},"ZJo8jLEPKqtCWq6fdb/IvqjMZoyt6KO9O13d1QCQzE0=":{"valueMac":{"type":"Buffer","data":"Vrj6SSNJmnKtGgZzsb23lYIR8O5LnnWQYd7nkqSfZsc="}},"ZOfkjhzbdX5Dw2HSeS/Jm8JYvY9+OQWYLyNYXKsy8Hs=":{"valueMac":{"type":"Buffer","data":"wImb/KXh8U45MpWVTsu76dG7OpR5aeHS9cxLYsxoj6A="}},"ZPbEwpxpYLQbh8bwILN90gHZAG6ylh+YDQv1yygcFIc=":{"valueMac":{"type":"Buffer","data":"73NRzKQXEwGAms/Al7BOPm1Zy1t7D2XQUM8mOiPq4DA="}},"ZPlBmDRn4zbZsPKrxWVYWuyVg4BPxYBN82DjcOkoCro=":{"valueMac":{"type":"Buffer","data":"igRgEzv80Xaaxn+kZKYBAUjG5sPJpMCty8sr2tsE6Ow="}},"ZWpzj1cYYna49+p5pFx3FBoVrPJUmoiPFI37zqj12dQ=":{"valueMac":{"type":"Buffer","data":"9BSJomf3NErKRfkecx0sTl7CdzMN/Zz+8qfUdMYbxEk="}},"ZnRTp/NUpxqw92aPdwIR9HxlvV8oZCDsOMzfCxY/798=":{"valueMac":{"type":"Buffer","data":"Tm5J7DAu9wJOxsC3QESmRdalCbY7z77OClcEJpzOO3I="}},"ZoTrAIA7Xu3DS5XmL/DNqfImi1DgWupcDC/7PhFGDu0=":{"valueMac":{"type":"Buffer","data":"LE2Sv/t73no4u3CuIFtPfmgz1MCSb9L8FQ1wmXS+ZPQ="}},"ZsJfAjO5gr39E22AGxVrVhjtcvnWWSlvcidI2icV+Ck=":{"valueMac":{"type":"Buffer","data":"jZYiBQXDqg4dTbYctRmbfPhfr4qigo6TDyTji/xaKFo="}},"ZslB56bPzuQuHV0XTvr122ulvsJMaZAlz7HQSZyrhcA=":{"valueMac":{"type":"Buffer","data":"a+2uiwCpyJFXLO7+9cXNdsB7kdtlBZgwg2BVMU4KBn4="}},"ZuPEVNj4lF1yOQyz/3CkOMt7p2QikKBcMtxknnPwrjw=":{"valueMac":{"type":"Buffer","data":"V7Iv3PeU93YrlbIDc6gxPg/m/oV9J6Ip/93mU9a5mKY="}},"Zv3lXtDRoKFO/EcLRdLnxmUh/i/YME3WVjYePQFYIgE=":{"valueMac":{"type":"Buffer","data":"z/tEX/44GtNw+cl7tTyWULy+2htCCb69rZzj4Jqyh8s="}},"Z9L8TMOR2mSFmrX/GhH3U9qU1JDqlINihCgh7vrJc18=":{"valueMac":{"type":"Buffer","data":"pgjMUvaFUx7VlPTHnNic2I83NffLJCybXqiEqH4atzE="}},"Z98Y91fBKHZOhBMFCsrQJO7O2M55f/pkMF4vJ9b3a4g=":{"valueMac":{"type":"Buffer","data":"uDAnGUYJKwzlKb7dz/nXwATM/BivnrbQGdc07XOY40Y="}},"Z+7Zo/yJjGsemYLxAjRoglV1oGfsL4qrwn8VIKhARTA=":{"valueMac":{"type":"Buffer","data":"UQImXiVvM6YgFYkPUN+58Gzru9mwKrl9Wu/BgexrTyI="}},"aB6ZOI0dIjuLs4pXxYQwZjdhlzU+wX4GzHvT0d6whDs=":{"valueMac":{"type":"Buffer","data":"hksc6QdEw5bhUgOo91/tY+ayHGfrqJuClwPVGbEJTHU="}},"aIomRjnjigQHdGr3394M1NVFnUD+9GpljIgYqL7HXH0=":{"valueMac":{"type":"Buffer","data":"Z4ruA+Jn7aRDgj62u9CNdCEbOZNmkRZZz/B2kJRGTKc="}},"aIrdGNfOVTTupCI2R6bIGuZiDv9cgUbeKLacpNDecIA=":{"valueMac":{"type":"Buffer","data":"WZRT20dKvrLTFWdzV7jO1j5Ks7R3qEcV+eUejOwpf/I="}},"aKA2SVVaC0ChNKwc/a0IEP9Gvfgu1oPHfl7gSj4Bks8=":{"valueMac":{"type":"Buffer","data":"u2ntmgfoaMtlKhWDsmI1/BRzHbO5oRQmmhahTfkQNoc="}},"aN6ajI231X4XujamF6nH3lI8G9W3MF8eC2vNJjTgLIw=":{"valueMac":{"type":"Buffer","data":"58TkVOqDpOIfH6rAnnQx9k3vzvyC2yrgyYNhnzKuGQc="}},"aRTrDm6YWY6iZismPzke91YICKcATK2aok9hXBkLfHQ=":{"valueMac":{"type":"Buffer","data":"OKhU43ob8u/bnPL2Gp+fB3ayjUbJ/sKw9kZx0E//Id0="}},"aSTSy6uamSGmlSrGKF5KoRJNVI2pd+cpeNgUFfxlq1I=":{"valueMac":{"type":"Buffer","data":"pgwrFAMRm2F8ELdxVrKSQFqS0oVDudEv9Mp5sduGmKg="}},"aS/uqfYr5wQsWfrbG4WlMyGv/YkH5dz2IKDgXdrFBWw=":{"valueMac":{"type":"Buffer","data":"mJQcakkYBvcerPY9PSynmEiD7iz/QgpnF2ViN+Cp3/8="}},"aXfP+LRiSUUmf/Z6d3SHXjz04uwrA4pP8xcZCXwC+mQ=":{"valueMac":{"type":"Buffer","data":"A4+S5/Z+XJggwR8dgfER+OmgHjCdOPmBGzn42DYQt8c="}},"aYXOsCNE6CrxLgpytPCfpKFRND3rixqYjnVman68wlA=":{"valueMac":{"type":"Buffer","data":"kNYccj7jrHzA2y+3r0ELSWD6oP4tQd+39QZkIsSEpII="}},"ageQk9QHfpnmPZkLKp/1Q9hRE7NhaYzNjTIqiHtJyZ4=":{"valueMac":{"type":"Buffer","data":"eCSol4lSZJQg7QKQ07ozQRFtDUER8pVEXqw7PDyVGW0="}},"arMF53EEhgRff7rGV+Id9ge0WxO+BFQN1pyDeBy3bIo=":{"valueMac":{"type":"Buffer","data":"M5SLvMAjSJcItQiGZjHbCRZq8lTmAEx+Uiq6jVMABW8="}},"at9rmDCNxXweNNqsaBuDk5IhRAd6HVE7J19Yds5fO/0=":{"valueMac":{"type":"Buffer","data":"WI5pDL69dSVkYrKrSWA1OB93Es7lJHPh1czVz5xbdK8="}},"a60jpPa3tXnZop9IqHweURvSG1dKr95m0mBBWMODUeA=":{"valueMac":{"type":"Buffer","data":"nwJ//9wRbeJ2w6eLNZI6VtGcBkuC2AY1aar/rOMvN4g="}},"a9x3CxB4lv4VAdRAg0ig8D7SgU3vmzxgkXs17bTeQIY=":{"valueMac":{"type":"Buffer","data":"qJcxQAtbPcXr7ZJvdGOacNZPu6+KyBQoHcv9+lt7BFI="}},"bFoUi3Skwc93xAnRV49K+2tt/ibsAaT9lIQHrNuHo7A=":{"valueMac":{"type":"Buffer","data":"GKT9Z/vV4TKJFBDKfLAVEngHqzdspNiLTVG6uSMV4WI="}},"bJn5MLsBjMZZyzKcYjyCBjUS/wMb8s4BrhIvdFibw0Q=":{"valueMac":{"type":"Buffer","data":"ZZNmufH2tDoy3+6ql1BbIYLBKNYjCVLEN3JipEjB5W8="}},"bN3+ZZo+xqGtjnnyx/Il5wKatr60s/3drlPupouVnSY=":{"valueMac":{"type":"Buffer","data":"ChBr15PmbFJUz1KIiUlJjFCYR9qLQ+MIMaUq9wUQoyU="}},"bQSrfKfV6+AOXcpp3attyOYjc8aOq5YtdVm4wx5yqX0=":{"valueMac":{"type":"Buffer","data":"KbnF4YddKyBDPYAk3UC8u5L7KjkM5LTFPx5187aGhps="}},"bRIctOUyAeFXZbfwzmH4iCyNSjr361SvJk0ZlVQJpLs=":{"valueMac":{"type":"Buffer","data":"Zk1TsdY7YUfpg2ndKDrevnSPv9IjRgYRE/n7v0OF49I="}},"bSZQ7gxTNM0/K5amR+GbmJMlKj8yirZLjLoMTS8Ny4s=":{"valueMac":{"type":"Buffer","data":"ZiM74jFbUBxqIj9+YytnPvlO/U/D2t9HqyVcaWT35rM="}},"bk8FgNqixPK6R1xTdcxoLqLRwMvgsqBg/Nt2y96ayT8=":{"valueMac":{"type":"Buffer","data":"HuYZWht5MarAEl7QidpprJJFmwFJa6AoXa8rdgV+Y/s="}},"bptXzXh4182gaPXxrCNnELfa5s2e7grSL8fQLSk6dIA=":{"valueMac":{"type":"Buffer","data":"Up4xVH8CI5N81U/bF98/b7DvY4Cp6FbQ/zq+QpiTC1Y="}},"brdzB57snmDpAldLPw68o+zd2fKdOlo0MIT1DUVEzoE=":{"valueMac":{"type":"Buffer","data":"45XyVsgJcKQ71F9cAR5DXiNklK9I0lDo0ciG1BjQgXI="}},"b1B6GJT2ZQFw6CmzNSJF12b+itjg6GHBl5lIeFW6+Cc=":{"valueMac":{"type":"Buffer","data":"3Ib+ojUvf0nh/O8ejkAjQK0kfHuPSy88UrNXeCuwkH0="}},"b1hv+wSQywncM38A6zvXXo4h5KG8dUFMI6QYxI0LVkk=":{"valueMac":{"type":"Buffer","data":"HvCB6hh503fPA1CrKyYxxZIRsauCdILJ5/mqTZQ8KMc="}},"b5CHyz0x8VM4RgarvoMephAnRdYKOSBTas+DORZzjr8=":{"valueMac":{"type":"Buffer","data":"s2IBD+x+NQ10xxvZicVxHCVjP3heM1udFbAubyq1jHc="}},"b679LRh2PVZrZ097//P0uX5CP6Tf7YpIj+k91NLTTEo=":{"valueMac":{"type":"Buffer","data":"PO11GnL7aDbcE5LjdSEkPs7xgcQ3NIhuF5yeeBQ09Xo="}},"b9p4yhIuHia8KggJsflcMI9nD5BRlpoTW868xH/Tos8=":{"valueMac":{"type":"Buffer","data":"WqT4W/KVNc8Hp7RD03pManux9oc8JEgCHQbWJZE5dfU="}},"cAq+hJUrUk830RYj+AA28rby1BMo3PX+7zeQ+jVaFS4=":{"valueMac":{"type":"Buffer","data":"l3g7AnajCcAAyYACR2hLY2mnyZuttwglepQtZY8igBM="}},"cJz8Ws2SsYX/ayJExkdaMxlnYPEAYG8EcySmXTINsS4=":{"valueMac":{"type":"Buffer","data":"wb0JAw8mws4+hnpwBAwlV3fmBz6HOP/w7TxE6OmNRMc="}},"cK6+GwfHiAt8VZxd5BgFIPPiWGtNySRLQ0MlsVY8DvU=":{"valueMac":{"type":"Buffer","data":"QimnU37XyMEN4++gG3RBWZoCEr9us+TSOqflILocH6c="}},"cP8zL2uGPnwBWYLXDLQ3HOKCvAKkaMdIuVM+MqSpu/k=":{"valueMac":{"type":"Buffer","data":"k1xk4+EG3U+AHUCVYs744JM9QSjcFfriV6mUC0qS+rA="}},"cXI5huBws/o4cqcJXiI9GSRyq3B5q4+YwXJO2SpULWU=":{"valueMac":{"type":"Buffer","data":"Jvwn8OPW5+Yzb+5QmndHubrhvRrTcNtdBue8g2P5+NE="}},"cYE8EKZZ0szzng9DH2wX5xNnRCGpbI0hc4CE7AiX6RU=":{"valueMac":{"type":"Buffer","data":"7DfAwTQE+uTUzXHlfNWTidgxromRtRGrLF43yJgyTCs="}},"cY+wde2BS5hw0XUiLWJTRhnfrzLQiy6HnufVbgdRwgY=":{"valueMac":{"type":"Buffer","data":"aMp5KKFLiFzFwMtCZETV9lxDUBZfAfsu2GpXy8uz1u4="}},"cZxR77BREWUtQC77H8TkWFQY98pnkrpsL2FLcFiV7M8=":{"valueMac":{"type":"Buffer","data":"bYAnTddEXb+00Q+eaL8XHnWzC8wtr2PpfkDkLrV/nXo="}},"caV0AUkvKfv366MnMq8YjmRhB9+eVUjcDWjWgMlcqtA=":{"valueMac":{"type":"Buffer","data":"vWBIusxP4mMz8MTCHiI5i5IvxltUHJfulmK0pM4m7rI="}},"ccOqOKcGKO5H7zfqGaV0Tlpue70xTZ+XO4w4YS28JRo=":{"valueMac":{"type":"Buffer","data":"jOkeKyTVs8wXpyn7eVrByeQGPOl8n2FdkAZHh4vYRoo="}},"ceECOiQ+OiyfmDQm+b5j0Q8imjVYbQXn3mkJF7PyT6s=":{"valueMac":{"type":"Buffer","data":"gVtpaKHIoSMAFRNVIgriDrrW8UDVl+egiEsNMOZrUBI="}},"co/A/TVSvLVmC9tIAkCC1xYM7kOL7WQ1BrU6QWAdmXc=":{"valueMac":{"type":"Buffer","data":"ucYW/Dh+UW9PPokLMw5LxAXij2bsfVFzOutOe7jQq0E="}},"c2BsvKNI7iOE2L3FRpkPpqk6Uf7o1Whi1ygyPV6pXG0=":{"valueMac":{"type":"Buffer","data":"EdaXPapA1JGl/MYWJ6XwDs7eNZyA7MLGuMopGy9wJFI="}},"c6OKL2/JXOQpQtwUhRrwh/eokJ77GU1adWADjgy0beM=":{"valueMac":{"type":"Buffer","data":"g5D+D38lgzvIo+lVOrBl4mo1/h6t1WxGCx4F7S592uk="}},"dCzCoHk9OthD+7oYSBHFd3GOSbp3quGjU6f2Xzo8DZg=":{"valueMac":{"type":"Buffer","data":"IQUeE+F5IWUqmnN/tnErFdnZGpWciWSo/DTNZ33wzaI="}},"dFLkDHqGn6ggxCvi1prI6FIBZiwFHCTqgoBCP3s5MNM=":{"valueMac":{"type":"Buffer","data":"H7ScDBUJ8bw1ID/86k0kcK7/Kq4dxehna03KMF4rM4g="}},"dGA52hzNqmwT5SVC0c2psdZRkn/m9PmuU9rYKWoNWVk=":{"valueMac":{"type":"Buffer","data":"Td1QQvMuo+Y0xFk0VBuyHcYS/fdzVuaBnoEsJqD0sdc="}},"dIOozNKLZWEnBFAPepwyug4bikjTipTlMrhkrd3HZs8=":{"valueMac":{"type":"Buffer","data":"AYV9Nj8U+quTEcNVE4PnPfHbB6wRqXfzOiuc5vnrA28="}},"dTO3VX10z3IZYqcnZeQr6Y+K/H4jCj2lSrPHdZ37Nos=":{"valueMac":{"type":"Buffer","data":"6N77CMuwMuAyJRr9DofI9kmv76xzPVEW+iOHQkfI13g="}},"dU0sPl1LtMd+99SDrCUgToxi4ZDIOBVV8Bj2y5vOB+8=":{"valueMac":{"type":"Buffer","data":"tl+IF8hfZh+U+gnPyJf4jIGlul2CVFlqymjNkFvN0Ws="}},"dem9mASowtUDhRsjJmTDQXeB7IzS39vJZVb+IbL3aJQ=":{"valueMac":{"type":"Buffer","data":"6J98fBxcIbU2IzZBwsEdiHRPG5GWEXUnt1KpMy1t1zQ="}},"dhgLEj9RM2+uKxG2HFhcUrvHmb+RJw0nu/nQMtvxrMk=":{"valueMac":{"type":"Buffer","data":"Lccs0wWvjTcUQhTSD24UPa7Xyev0csIpNXIoFs4kqLI="}},"dl3G9PbcUmpv7eWPbrRxxXHOHEmMqaDQOASYha7bHCA=":{"valueMac":{"type":"Buffer","data":"qyjH/J7AGhbo4tJp5Ab5NjTH9g7UOsmgfLF7MA4vGLs="}},"eK5chCAYsnf/i9zezhRV/KypTdjcIZKXi9TlBk/zWKY=":{"valueMac":{"type":"Buffer","data":"O65tG9X1GFD4Sb9NXIIDlIZPJDrrTZ2ZHXbnn2e/EKw="}},"eaJf/oZ6FCNNZiMVRymwq1vjxm16r+PqfmGRtc4DT8A=":{"valueMac":{"type":"Buffer","data":"aDQFc6lBBuspsMi+Sg0k+HSdYBD9428pcT9Qfyp4hbo="}},"ebIEm/dk4Ol3honYxcZJHFkWkdS7oFpjEQrDuwXnz2Q=":{"valueMac":{"type":"Buffer","data":"tZx4j5eqmeAbyzkmJLpwGWdDVnPjzwlPx8NhQ5HN3Kw="}},"ebPUOqn6f8NxDWRaIRNd2bov9rXi399MJtMurQynqpU=":{"valueMac":{"type":"Buffer","data":"x8Qq2pXZ6RRQU2zCZtFMXLO5PMKhqBsI0s4+jCgfSos="}},"egZJrpsh1H9f52Prq4vrbHI65ZcWR/SvLGMvlexBpIA=":{"valueMac":{"type":"Buffer","data":"UJvUEmvtsya0K6gwI7JWb6J0WLAVy/+ByBfOXPeKAog="}},"ejPf6eNm7WMU57vZmf276+wmTg5wynSWG4wL7UqvnCs=":{"valueMac":{"type":"Buffer","data":"WxH2nUmEc0nKGRt9QPzz30VrCFX0iRpJK16uNGgP7hI="}},"enYNw7PCDPe0FDkrydo4YtZvt+xhJMtDafDt4vY/d7w=":{"valueMac":{"type":"Buffer","data":"Vb+XBoDkqpRIN73K9gGBysS9Z51gIsoXn1VFPu1Vom0="}},"eujnYVA4BgczqPQaLXLIdxm+/NwCTz8C1szIpsb6uWQ=":{"valueMac":{"type":"Buffer","data":"1jPFA6cPnnd9SQyrMRKUHRWXBAEPIAt5Dv8NjPt+thc="}},"exHTEO/5Iw+G8bYRjJszyPNIaaPpt9xGrmw0WhCVrno=":{"valueMac":{"type":"Buffer","data":"EACmAWHR0BdxXrnz7euqVo7kvwDu/ts5S5cBDrOdEB0="}},"ezc35YY9QVOhfnV4eWFFAL5u5Yi5VJT27Iy2u26flz8=":{"valueMac":{"type":"Buffer","data":"IqWkJNR+eaHLGo4W1krdmO/B63intigJrRi87zIWPZM="}},"fEWDGwSuirlsQ0yRuv02aE0Giai8dd973jlEvOEg51M=":{"valueMac":{"type":"Buffer","data":"y5p5+4uFQqrA0ZD8NWdcWz3W45XyKiPwdNmz8klace4="}},"fI6uHN4fq47/4XojnzfKUw7bSKMotfy+0dUIzSm+kZc=":{"valueMac":{"type":"Buffer","data":"rSw6cph3bv4yWycT6jGyiPs51+w/cUGn1aIBPiWs8dI="}},"fLElB7N8l2X+Gf9q9kd/+3vwGGDkEnv+CpjUtm3l7fg=":{"valueMac":{"type":"Buffer","data":"vDwEu85K5DI0/3ggtneGUlWBQWXVhYPDRfYAV1aS31s="}},"fPV+s6TbHN0GybwAVgfe4HRNbxSsOEAs9WhxKtuJvZU=":{"valueMac":{"type":"Buffer","data":"cGlnr+bybU15c9VYTeowsFASV745z9ileWGtYvy9yeM="}},"fPkCLXyd6ikNcSnfdqT3Wmt3AMFBkt/QRGal1v50glY=":{"valueMac":{"type":"Buffer","data":"SZi99Cw6+qeDXC19VM369jZUxPrcCht82nRHGqGH60Y="}},"fP2WtbLV7gjXLgsF2moGxg/51BNqBMtwvSPsEVYeyeg=":{"valueMac":{"type":"Buffer","data":"+ak9Ghpm4qfk2kXp7bsn0uH5ZbphFDLLLH7W8Q72ICM="}},"fS9U0fo8GV9I+6ziR4M654MM7eGNB3kx1uf5Vhappn8=":{"valueMac":{"type":"Buffer","data":"yWBh9h5YuXBuGPQ3M5BrkbG6zvCcCGeseuX6s3ypcrY="}},"fTueIFs0tT0pqJWvnkR+pvG5x4mgROEMxNl0BPMhFZ0=":{"valueMac":{"type":"Buffer","data":"mq+84FyyQusl54lKEH38Yv1bqBpG1AVfR+SCNAQuzxE="}},"fWL5fb9UQv58bu6V2r1ACvlPN00EDZvybG3uY1+PG8Q=":{"valueMac":{"type":"Buffer","data":"b8Q0A9LTwU6x73tkQB4zieH6FF2jJyJPFEugN3AE2Z0="}},"fYR00cGjxBu75NeGNea/l3Kf09HlxQeofvrvWf8IwME=":{"valueMac":{"type":"Buffer","data":"MllPBhhsOJZLMpt9MBCZecmTMu/lpL0ow2EBIFNldCk="}},"fZdfEqOFSUt+6bVuGHAc5viHitv5JOn83gCSl1R+pks=":{"valueMac":{"type":"Buffer","data":"JDnj8sXPYMapJcCKMJzq7gVbaRtM1RieoCcprgfFnPw="}},"fanPEoIQxQWyLftCwA1zXc6yrbIQMTL9jQXUJFo4PY4=":{"valueMac":{"type":"Buffer","data":"/s8T6f1pK5kEC6FHFhsbPlQwlX0i8BaVD1TBFiLs6EE="}},"ffGWotSVAgBIGdLAqxILebjCyz55ET58OnKP7anmd7o=":{"valueMac":{"type":"Buffer","data":"MjDXCcpy1UN1QQdgxQJwVlKCt82csd9MbQ7lVtGBlpM="}},"fiY9Sy/GGAIJdRpCyH3YHtzXJB3LeEST4Na4FpUJGvg=":{"valueMac":{"type":"Buffer","data":"pJlVXL8n9NkBp+38Sr/t2NXdfnmOeJB2af5tB9p16Qs="}},"fo+ZqJ1ivE6OhT0tsjwJCcjS+/r7ji7PVBa+zvsPrLg=":{"valueMac":{"type":"Buffer","data":"V2BnIVrHiKPB4wvJ66qOwr08hFES54fFWpZvKG5Nit0="}},"fzDhZNzwJPsmJCwA0pHZaCki0xj7PRwWrJhdjW1TcVA=":{"valueMac":{"type":"Buffer","data":"FFRivbE0DENTbTPnVQz9wL+D8STiUfqm3TgII9/DwW4="}},"f6tPaRuqPM16I3UqBCQrgYGRsoUlWhSaDk5PtZt/crE=":{"valueMac":{"type":"Buffer","data":"x4sfR5J05l3GZtN3yLlcYkqxN9WGUW9Xzl51OmIp5II="}},"f9UaOeMQ/+VHZUZyCz91DZELQjkbWTk92kOfZfmbH8g=":{"valueMac":{"type":"Buffer","data":"tTWCsukvbSHGqhr2MBqlofwkyjkXfq40cv8AmqVgFrY="}},"gH911Bixht+vxo6kCoymj5Ljw9HDJrv7g78aw2yPX+w=":{"valueMac":{"type":"Buffer","data":"ycGD5G3rzY+Ot6By7r/sMsERJn6egIMunzBZD64ia8Y="}},"gI1lT1P8kiMvplR4t5RLHmwRL+xU03CVuKI3sBJYc7k=":{"valueMac":{"type":"Buffer","data":"mR80Lst6dLVGa1ufYP3KlVCo6c8Vu7/dOJJV5149D5I="}},"gN/9u2cLCx9GPleXYN1EY6Ht/bBorsM6MSQ8MK7ouLI=":{"valueMac":{"type":"Buffer","data":"2lLEH88ASaw4Zqr1WG6q1D7JKd36Cao0E431DD9+Fp4="}},"gSBGx+0fyAlLrxUDkjEuVmnQaA8WBDcUPQ7Skfrl+F8=":{"valueMac":{"type":"Buffer","data":"+YTrhaA1xqjVolGLGWnxqCcmARojTJwllBenbxs6hVE="}},"gSuUjTB32K3+cyvRIrVZ1vqi9DnIGNh5KspLved/64I=":{"valueMac":{"type":"Buffer","data":"jmzvwimChf6ZhkF/MOR8p+Yf02a6NSa+VpZHVa1d7qk="}},"gzPUQQtHP5lCWXckPv6XkmaKrA7Tfqhr2dA7CLwCpsU=":{"valueMac":{"type":"Buffer","data":"eyjKVgl+9WQeNU3XdZNbHlCDZ189pycmmADn+cu98a4="}},"gzYPK6N1ud52ctJuncpkm86lfF5PN0+fuJuogC7yJFY=":{"valueMac":{"type":"Buffer","data":"yPcXxM3fifS6+vrgfkXkvaIJPl0n5ZF3d9IN0DoGW6E="}},"hOUit4mpgTEHQXIiGqPGQ4ODOTKVHFEmH0uwOm/0YF4=":{"valueMac":{"type":"Buffer","data":"fnCRDyG77bt1n7tKAxDpiDKXTaqlbTN7QfIHLkYm/f8="}},"hROHAa7dOqAtIiLwf5dn3MzCG/aChJz83HkdPj3AynQ=":{"valueMac":{"type":"Buffer","data":"MHrexk6Q/cQn1y6qA+aMSpoToXzYzCgNdrApuS1TtfE="}},"hRTao/evUsqsZWsmRUe9dpM++14p98RIgZfjcximrq8=":{"valueMac":{"type":"Buffer","data":"tt/eGVFF3HX3GsPdtR6K1+yeJeSxRKxRvadWVQNlgAM="}},"hVC3eiSFnFq+qtmLpsR4ljg2CZ3WZAMMZcJ+0/NcKeo=":{"valueMac":{"type":"Buffer","data":"JOLOrB4o7pLXylyxdWDkoLi6PIoxTQUFpatVvVft7Xw="}},"hWM764UIs/pQRr2hjddTSSWFibkfgCDXf6fSEx2CiqI=":{"valueMac":{"type":"Buffer","data":"jhBtZOlH0zaOmZro4tqVEKhJO+DyskwHGnIZi/ffcys="}},"hXXBzukvnk7aqMIgD2LQzqfMSDBiGKoB4QP/YxndSOk=":{"valueMac":{"type":"Buffer","data":"bFc+jxAPBIFpj9moFmg5QBxLLWExCPNLfvmKh8ZShqM="}},"hgg74H9ZL90MhMVS+REs8+zrmzH+y1nnAQoS1wOqpVw=":{"valueMac":{"type":"Buffer","data":"RphVbCqlqyWsR59AiMaCke7wwaW5rnyuYMg7a+7wiGk="}},"hiY0cf4qPoCLhNnQtLo0M0aNtVmoAODcSOI+htVEzMU=":{"valueMac":{"type":"Buffer","data":"kgXwarc5vZJv2hdAPv9v8usuo2OvxOCGeDg9+/6/W+Y="}},"hkEWQ1vWHRCkn6cCpfH6Zv6sSCcn1xV6+EUfu5GrD2A=":{"valueMac":{"type":"Buffer","data":"CRIpd9mAe4/vtsUv3DPsQyTbyFzD6DlNaIsbRzGURus="}},"huz06NN6aV3Z08mF16jqwVqJmSCzIzKsBJNEpHisYfI=":{"valueMac":{"type":"Buffer","data":"/l+6mSmGJblG9deeIpwEV3bCIkEQOXN7HA5MsY13/8g="}},"hzPoTLRCOsh2SpBgyEsYFTJEIsgTAvWb6KFMA957eBc=":{"valueMac":{"type":"Buffer","data":"/Qrh3Tw7lXOoIbC8RgNkifQgVMc7Iia93d8FZ9THAR4="}},"h1uZGsxyUU53y+MkrmxGFNSCuNM123UMcqGqgFl81rU=":{"valueMac":{"type":"Buffer","data":"adAoYQm3xKrcKtr/HGwz1G6uy1VGXnqQDDmUIyTWMW4="}},"h93mGkStMf0sdK1Ki4Fquri8RNj1+hY/KBLPRCVXP9Q=":{"valueMac":{"type":"Buffer","data":"fsZL6C30/AKSXzVARBqPMr1JrfFfuihxOC1BX37p/fg="}},"iEqtyDxiRPn2SHdDBaJ51JaxSfFsw3FiFg5ylKuRIu4=":{"valueMac":{"type":"Buffer","data":"qU/9jNqPXBdmr0QC8x2UdodzLv3ctjRpZyVtWIzUYxY="}},"iXAwZDKX21BmYtZRZeK36/0t+zBoVhJs3DSjcmwEegM=":{"valueMac":{"type":"Buffer","data":"zcAY2MIDlJtYwrtHz0WIlmHcj5qAED1d6mJeC2TBDRE="}},"iXDuNWPdXaaV3Y9vr1i4GkiNYxU28DSByFVJsTLTVtg=":{"valueMac":{"type":"Buffer","data":"HQMyWu0Eh9chjGUYSCqVHrO9NRj8cf+w0ou+N6NfHXQ="}},"iZ8RwABvO833CBDM0tVwxBYEch0MwlJJQuGawZgCHa0=":{"valueMac":{"type":"Buffer","data":"3pUhBPlGcf8PpDnCeFNwpB92btfWell2Sf14kxdBZH0="}},"ieNuq50ZqJfOZYx9otIpZYw3ZF0wSx7Th6foYTPaDjw=":{"valueMac":{"type":"Buffer","data":"yAet/np9CKZUOcj3bZsEawaR2Pd9ouCD9mFr0G3+EfU="}},"ifsRaUmXcdq3T0Ll6uWtd8cKdLkq1xxfxTPtOldiGMw=":{"valueMac":{"type":"Buffer","data":"rfuBU6c+z5L7dPoJOObRtBhC4WtyvB11kyoKuPOyVZE="}},"io3iKHVhhBnuJpJByftuk+dpwiaXhACiaTn84QNjueU=":{"valueMac":{"type":"Buffer","data":"QCs9VhJI8n56xNrP0a12CiPrs8LVgu/SaSbyApE4wU0="}},"iyk9VmawIKKNdN/rE9J9yH+s+izbud6bOjUq3DdaoVU=":{"valueMac":{"type":"Buffer","data":"0eF4v/TK/ll8Qu7DUqg6/rEn947is6FP70xQBEfDpPM="}},"izUym4S4BW6/uOpkIFGqXwS/I6opRLEWoKLyvg7jsuY=":{"valueMac":{"type":"Buffer","data":"UIMLHHEzVfA9S2viGHd6LkVY20x/19aH05TN1H6coz4="}},"i4Jpy7NXY1GiEeHajnzMaVfq1I6kdgnPTadZayFqmYc=":{"valueMac":{"type":"Buffer","data":"QTJK08M7qjESUfOdARCE97L1lGLZWBQMOfdz3Z58d0I="}},"i/aagwHKsTRIMS4RobgxMtAFNBg9LdH/iPwtWb3ujEA=":{"valueMac":{"type":"Buffer","data":"/z9w7b5s9yrDNsNaXunKZFzvYtyPK0f42b9W1TsMmH4="}},"jJXD3qwsh6iVuLzGpOHdIsxno5rYrpYZWe8ROOeweD8=":{"valueMac":{"type":"Buffer","data":"yqsv9wnf7378kn358AJFg8c7h6/XbuzX93Hk800uunc="}},"jLSjjOoRMm58hSRINyNioE3nGTPbBTL7wp2NONv9mgc=":{"valueMac":{"type":"Buffer","data":"Dg+7j/2E+LjZ1M9ub7OfGUS4z94n5dNIP8sDKHt2/eY="}},"jVru+D+GDMgGg4pmwtn72xL6kj98qYFZrAo21CH3PqU=":{"valueMac":{"type":"Buffer","data":"NIb8Nqe5HM5s5gxWr1P4HKmYxOaAh8YWiP9jbcKU0m8="}},"jqKKE7dW2duP4bprqHQLNxFy25EWDKKBgBDg8+P6DaY=":{"valueMac":{"type":"Buffer","data":"2ziWl+qUztZs0aWoZmovqH2BDBAj89X8OIJ8UeHA6rw="}},"jtKoS6z4BlwZnPdYIIgwtFARG6ad0cLYa2iBF2GoXCg=":{"valueMac":{"type":"Buffer","data":"quK9pxi2hcY3PhJrmimgCh1/c4J3zKYlI/XdIzW8LWs="}},"jt8UwI8dX3Nqp5U/sSsQ9h5c25Of9e0E9jc1XwdWeKc=":{"valueMac":{"type":"Buffer","data":"XjVXXpudEAQNIq7kzBLy5Wqeup9oxO0V8jTo5rm4sc0="}},"jygsrK/AfgNbZvLSa7Vpho+aepxzbRmAtVIbV+b+7ME=":{"valueMac":{"type":"Buffer","data":"kn7mQX0oW9v1D3mPrqRuJt+ceVPakScwP+eUwpHpBcA="}},"jz9y5x2grdlRc4bqBlyf2v3f8TDPsokD0pcA0JQIbg4=":{"valueMac":{"type":"Buffer","data":"W+fuHCeJv3+h2papgM9xHcJPIMUXC1LqrM1ZxMGXLhQ="}},"j1Xb/6y1zXkquJQWCmtrNvolExV1ATf+jdwfomUXs7I=":{"valueMac":{"type":"Buffer","data":"oTe6V7bnOc0mLy35FdMy9fpSIFweoE3Dh0baeMj+suQ="}},"j7L4E+cf/F5A1uFN57iGu/gKkzWTLfCESwm7ZrXx50k=":{"valueMac":{"type":"Buffer","data":"2e9oIzMpsDNzrccWkpRBx9WvttNLr9QqByexwa/SEHs="}},"kAK03NJvzrOSZWIkxLuweTbW2mBcqeHDDGQ9jQdFabE=":{"valueMac":{"type":"Buffer","data":"AseF2Y4OqOK6Ykd4AFXBj2wKCSC6ZwLRJhrNJAzvIjU="}},"kPTdwCVIJzZVB5TRI55QTnYf41XLfY26SgOe/gy0MEA=":{"valueMac":{"type":"Buffer","data":"OmA3cwx6yuB2fFMJWSnhQj0q7TP22PhVnJPMxn/Dve8="}},"kRVr2y205DFb5o7brvtxHIg5X9mGPp2H9fYsA0+WncQ=":{"valueMac":{"type":"Buffer","data":"bpJlM99j3z4eEFGuJvyjPMwGNqFH0tm60ijocEWNJLY="}},"kVwv24va7UTNpUsDMQYToHThAnjCYqzkqDHGFRXhbuc=":{"valueMac":{"type":"Buffer","data":"9K/f+Doeo1dCDrwc0Xc0LzsoZZC8mdGw7aa2/+ZQ6vE="}},"kWHK/Oy9DpE8wMjAy9Q0dakDyxAmdIEGs88oyIc3CYk=":{"valueMac":{"type":"Buffer","data":"rxPvuLbfo9jG0PaJZkivmvzsAoaPEZ521ihGSV4Xse0="}},"kkO4h7kEWg9fouCvwFaasr1FUC29HIs9pO/EyGLHZ0Q=":{"valueMac":{"type":"Buffer","data":"OraDoEOlQ40GV1K7cAeNUmFZCbbzkQ/LW2R6Icghji8="}},"kxj4FpfJwTlWCWQobURjBHGkGFwaMWKZLtyx81PMJ5w=":{"valueMac":{"type":"Buffer","data":"/k4DyrfFv7gonvz5tr5iBxgxRGTenbmppAMO0UyIJWU="}},"k0DcGxRMYu6LPCFFPNpRdyUN/J+zpYc5eapzaxzeFcI=":{"valueMac":{"type":"Buffer","data":"3a4GcMDFPSPje3/Rsb2NU6Fv4Vw+awp5EhRR1c5ocek="}},"k47FPG2p1coOaxQ0HUTmUvSoazw3wi2Dpkg2SJmhWvQ=":{"valueMac":{"type":"Buffer","data":"pAVvHFelLzm0TybfJMVNnsdTzlJVjERsfElItK1v810="}},"lEMP+aGrZVLkyL+KKBO1U4br3swDPBtXa05s9LJAMW8=":{"valueMac":{"type":"Buffer","data":"xpIzAhZgXsIdtr5vl7LrlLMRrSX7RSe6NvAiVpSPLxo="}},"lNZbA6ucmjm+GDGgZJnA1Ccog2+nlPUK+Bb5RfIWBg4=":{"valueMac":{"type":"Buffer","data":"ca8+xJhHjsPlipIl2wuKSLTqg8PFRNoLvTnMYqPYQzI="}},"lPXB3nkkh8y89S6SOyeaI7z9A9vqWBVjG61HgNUfK2U=":{"valueMac":{"type":"Buffer","data":"96ZHY7rwrdJerGFYZuwxrYjSdzpegaTzBu7TLY2xkH0="}},"lRRKPtrM8aeiaaBYCyXx9SDACMiUq90p2h+0RQeJlJk=":{"valueMac":{"type":"Buffer","data":"ktNY5OoZNGGWl72sILJ4aK04OXY5S/eGZZDJI2sfz1w="}},"lUlAmD3ezFY4Ek//J9CxOGTh553dLDDPnl6E7SnhiJ8=":{"valueMac":{"type":"Buffer","data":"hkaO7+/bm6B8lnGzkoprEF0j5s13Gu827l39wPpI6bc="}},"lU6rRX+Ll2Q7BPZMvtVXU0LsYbcMqWObUpv8GY/eWsU=":{"valueMac":{"type":"Buffer","data":"8w6qPF+RCIRM58fzguOSyJ+yJDtZGFgp3TcZEXJOFNk="}},"lWjEER7qA9+Sog9RLc1d5N9Zwmk9qLtf5t4/yOE/xu0=":{"valueMac":{"type":"Buffer","data":"HkSE5DqRNNVwJYEZqZ1seINvSnLn09zlzed/nGKHO/k="}},"lkNaqIwWovwONH31YL7Q6Elfzt6qj5Rq6Wc4v9ZjpC4=":{"valueMac":{"type":"Buffer","data":"llkYzeV6mG/LZjZSJZuGUheO16x3JVkvTaqb6NvRvn0="}},"ll0170a6nCBY2DKELZrSDPz05OWivt4qOYwWoNS6QpQ=":{"valueMac":{"type":"Buffer","data":"5im5Q2ZeqjVD560gGISPz+oYEnGYFHRT7B6asyk3gHc="}},"lo6BqB/I7VZUYFQTqlS/xZ0NZ5jceWwgwCTp0fDsQlw=":{"valueMac":{"type":"Buffer","data":"9qsvbPwQo8m8oaLgPoVnLb8u2KkY6/q34Az0NwnUNOE="}},"lq/Ifqe3rh5NjmFGWWte+XemSIQnArVYs0OS8sMKdIg=":{"valueMac":{"type":"Buffer","data":"rE8mYv4lPM6tmLW1KTQG6oqVhJ8IxFN9Y6vpEKWqeOo="}},"lzfBzH43IogNJjR1GnJ9rhUWTCq67tt/Rj3OCGnlB3k=":{"valueMac":{"type":"Buffer","data":"9B4YqEhRzHkojV3ps85vSifdVxLY7uJOwOiXyEPejFw="}},"l8Mm2qKe5hq+peecgyhJIwXhR8GxNjdZxVoONthbetQ=":{"valueMac":{"type":"Buffer","data":"XNI9vRK+U6QaszptaNt5BiL4Y9P77aSn3ww68A2pL4E="}},"l97pvy4dYkCNZ0PmEtWYUdtUatvBWOdlSDx2j3a0t64=":{"valueMac":{"type":"Buffer","data":"572NiP61qOag/a8I8DOhOlzaWTs11WqURQ2+rfp9Wws="}},"l/mP9QV3zPFVIySHsdkjyWHuoTFef1QqvzgdEn7TkcY=":{"valueMac":{"type":"Buffer","data":"HB/JR0RI7gEPL1VZ8BaIcMh25BWDb9mfc3U/H1R4KYE="}},"mJ5Si9mzBXl6OvEOtCUHkk3itappqijnLn071qeZFgE=":{"valueMac":{"type":"Buffer","data":"4pZmI9pf0kwD0okVW8AvNkKKm/YfZcmv/i6UFWU1fB4="}},"mUOeWIYHL79Fe57TO/wgTbxkzuyytygTgFSlviRQHRE=":{"valueMac":{"type":"Buffer","data":"pUavAgVntcKbnahL6tRVpfdN7SVL6cP5jYvc/7/y0k4="}},"mVEH/H1kkQ3JmR1457KGE4eLxIZ6uP8KmgD5Q/OvA30=":{"valueMac":{"type":"Buffer","data":"Rvnk+HiTjwH0SOS6DxKga5DSSHkwT5mW+JnXMwTC3oQ="}},"mVvvkyqbdBKGwl/oz2bDCXUjYpMyjVYE0BXzw+CyLp4=":{"valueMac":{"type":"Buffer","data":"R6eaFqyPXOUk/d/ZZe7zvUeJBaOH7ym9WkbhutJDHgk="}},"mXNOmVMWogVNpk3UweT44UT4o5CCOF6tjP8GgH6/ecw=":{"valueMac":{"type":"Buffer","data":"f+oggbTKGgew2oxCZzN1sZK85D0uGMENIiSzE3tuMec="}},"mce3egHR43emfKq5JmHVlNuzAX/yH6DCKoSLr4s0OjA=":{"valueMac":{"type":"Buffer","data":"lCqOWanjwXT8VT6x59wLmMP/e5HiOxAvc3pW9esA+DE="}},"mhHEVnhQMTJ4RxmgwVaPRy4X91EHKUgSfk8hg1rH5e0=":{"valueMac":{"type":"Buffer","data":"V5rr2kcTwqhxwh1QO52v8XVLLW9ye1ILwCivRyeA4Rg="}},"mlAunNIguPNZaEbN8sjfjbmS10uA6ugUAl2xWOhj1Ws=":{"valueMac":{"type":"Buffer","data":"jnSQHpmqvI+/2WzlJvQxpukLWk75pIzwNoaliWX1BoI="}},"mmIGAZ1FEteW+q10xcD2sJlgZnjKC4R57IiuZH/bFs8=":{"valueMac":{"type":"Buffer","data":"DmE/m+CVY/WEnkx5kpPDRtf9GzMqUHI1WbVeY5irHho="}},"mrjHQPufP1USmtWxz1QmoT4Brnys6/tOeptRyW0xiY8=":{"valueMac":{"type":"Buffer","data":"7wgiIVdYvydYApfRClWFyeejlEyEU+K2oQW4PTLsZwk="}},"my4waOwdlOt1n42kfP3TZl41T7Zs2YHlp+GT92H5Qns=":{"valueMac":{"type":"Buffer","data":"ZYUr/M5PbGsnBisuIp9tiSsNrRiPFPWRCcOPyltnnbM="}},"m0gJcg3SelurAPP0st+jpPpjVeIccWOj4YIjhHlKnG0=":{"valueMac":{"type":"Buffer","data":"dkyAdnbV3HjMhtcpyIb9qkpHLAv6gC1rrKYPWgwbRSw="}},"nA86BsnhLu8BCaTEb3/qCdShBBtrFy0Tu65qXNy0nGo=":{"valueMac":{"type":"Buffer","data":"AImtc2pmUWkIFNqABYh8QbnqmsLoKT32S010jPvlXj4="}},"nRb+Ue6i/uO6Z/gGBob0z3WUytS8dCn6E1bDI8JKQnc=":{"valueMac":{"type":"Buffer","data":"BOH1c0tg7GUdnBR228RYV4+swAMpSQFXooZKJjDVpJY="}},"nTKg/NoZyIfUDl5BBPZbzcalitYBuCpgKWRn3THA+TE=":{"valueMac":{"type":"Buffer","data":"aoFYx2SmqpyOvY+4mvpGCuSkSLemgT5UwmnoLHvcP/o="}},"nUwSVSTRy0RCGv1IJMCDTTPmsUCqgNuikAyZw7CVRms=":{"valueMac":{"type":"Buffer","data":"78J3rBD7CadYtb2QlB1l5D3505NuM9q7cRirBtXRmnI="}},"nZz2/H6UzueiFPurto+Xvkf7ZbT+OQJ0xxdd3wDMOhA=":{"valueMac":{"type":"Buffer","data":"dqUSVN88ZtfjzWPUYiMR6AgEcJkqAg5AEJLrV0GotdU="}},"nioSphDCO9KeXFABH5Bi+xJMEmeD2anbAJcNhNlDaac=":{"valueMac":{"type":"Buffer","data":"J3z7USAIShG9paWYKAdMc1ilcvO/1SLBbEnXawkzvSo="}},"njLcgzg6eIcHT0UXQKt/RbgZwaAE7ecxb7E/uVi0aoY=":{"valueMac":{"type":"Buffer","data":"x3d2VAVNJOvvYYT3G3HD90fG/XjfPWddIlUCKmOfm/4="}},"nkOuqHrdJFwnolKQF8T2iPGSWyM6oLBXF4XeR3DJK8M=":{"valueMac":{"type":"Buffer","data":"sCp4egjaeiODrfd3y+MboNFk/hlaDdb8sh2hdU+disU="}},"nxPziZHO3dBpP63qzBFGJbkzlhZ9QYeXk5V2PKa8gv0=":{"valueMac":{"type":"Buffer","data":"f5stroBzP4D/dA7715u4gmTs0QJh12pAWZUjvvPGDEM="}},"n5Z47KQKwjXfGO5WeY6sEE11Xv1DTPtDV7eY+xvEKlo=":{"valueMac":{"type":"Buffer","data":"ZlU2aiVXvLw1p+hesiIa6IZfENOQVpsw6lrMDulEtDc="}},"oItoRLISLlagunhqXjDKjnlQRo7Vg4FTWMChyGiMx8k=":{"valueMac":{"type":"Buffer","data":"yy2kFwWZJxb5IVWOesUS7qyzGTBKNTL+Ztasr9rqVOY="}},"oV9wZEDgHbjyKhw5+nUmv2x/bP4ZqdNM0m3AbBKea0Q=":{"valueMac":{"type":"Buffer","data":"ZjgQuTqjM9OmH9Qfo68ZkU4GovC2DCB9jE4CFZQOEOw="}},"oYOmZYFnb9uiMlXvetl8vAWK9RXKzKt8ZX9xGLKqQyc=":{"valueMac":{"type":"Buffer","data":"efqYPe12j9j4dHxSDDB3ivDw0ItlR1U5pNVyLK4KqWY="}},"oY1lczZuRtKSdvHnC4H8WWrIiQ4AfhcgSNun6ywIKzk=":{"valueMac":{"type":"Buffer","data":"KGmS9gAY04szVxuV0eVDfON/tV+4h1u+QgnPR876F24="}},"omnx8gLRrXbuIdHnL9ILaAfCq3z9olF+JZ8DM2QSXw8=":{"valueMac":{"type":"Buffer","data":"GdSdtoWfV2TC7JykDjkWt8q6YJGv1NpbrdYzJtfCwT4="}},"oq70r8ypMRcioLN09k4Bx3cgtQFrqZbwOkX8BKWSMFE=":{"valueMac":{"type":"Buffer","data":"PJChs+CIh3dgLgMZG5d9GPivKDysH8PAKqNsQA/A+jg="}},"ovTIs56OelNgPELzgATINzdjTIYAegSJUjfZbdafylk=":{"valueMac":{"type":"Buffer","data":"hcGZe89p/NIGFhWeEC9kDt2F9HoZDhOisLifwKfmxx4="}},"owBLg0eI4tbi6F1552Le8OXHjdUpYX5bapAF3/jdDbI=":{"valueMac":{"type":"Buffer","data":"rIoJMdAPEDdUy9W2k9bHzAk50PznuoX/+JvusVc6Wd0="}},"oxtKZzArDqGY2jahYYBF9etPQR4syewWeONWX0Tq5WY=":{"valueMac":{"type":"Buffer","data":"n/pU/VrXabo0x1WrO9GlRB5a/5Q+bsM5QT3zx7BfYOE="}},"o0vse5HlXlCXTq0MN6dBYesHgqHavmFefbpVkWkrWD8=":{"valueMac":{"type":"Buffer","data":"krcjTxJ7WBvITT63Mk+kDeEqZqKUJ1nuOaAcGFp7nOI="}},"o1AH72sjbVsWpimNb+IJyoBF1j25/Ujlp2O1NTIet5Y=":{"valueMac":{"type":"Buffer","data":"GvPA5rPf4zA/7aJiqsyNM/RDDaSrPCA5eYlQ41QalDY="}},"o3+RvLGNwWVZH5Cg7ZiT6LlMIN2NTCmap6ohKJWIVws=":{"valueMac":{"type":"Buffer","data":"Smt9GS9aRAW4GBKxOS7ctCZF7FQIpCVbRQsOSsBzDSk="}},"o7/KtD166sO20SsHXH0fQ6eYiA3w1xkxBcuNxsNMqlA=":{"valueMac":{"type":"Buffer","data":"SHc5jt3Ixc1/2fbTdgfu8ZLLBKAO2Po92JRthkwtbFA="}},"pImBKxhQgRu2Z50o1M2z6nsYtNDUoS4jtWJxVBvFUCc=":{"valueMac":{"type":"Buffer","data":"FgWe1J+ynNdUnEV4QUWPiyAIjErxf0UE94gc8aQiKPM="}},"pRPrbLWvz51ErlmonSPJAdC19dbhYVhTM2KEkJmywM8=":{"valueMac":{"type":"Buffer","data":"7DuYOz4P9LmFBPWt2E3R5X0kWRaUxP31rLF1UKwI3TE="}},"pTj0dwp0ijC7h374Iefic/7LclaiuS8C0S7cordrv98=":{"valueMac":{"type":"Buffer","data":"IWXQisUmtvJ3+6Lbvg1zp+LmvEZ2yrSfAhcH/0sbKqc="}},"pUZEcy6iMjRpiXpaBmb0mwwv1G8fn5p48K8zWzj/NSU=":{"valueMac":{"type":"Buffer","data":"fBm+7a5kiZ1V+OqJnuV3Qe1c/FAlz4CEiRS3E927GkE="}},"pV0T//gTePn0lyts4mAOBU/Ljki7wmlet4fvPYagUis=":{"valueMac":{"type":"Buffer","data":"a94hywnawDGJTlcaa/sOvWrH1MtSv0tIGs45p8CJHzU="}},"pZhcVdfwo5/RXAeq2xqF5f9BwDOATAEwa/72md1lRkU=":{"valueMac":{"type":"Buffer","data":"jcPrYalS2fb2I50cO9nh6o6NPOGADYmT7Mx9qqrbowA="}},"pcWTkUgYICi5wl0fyZEU9bXpxpjRWaewCMPzy7Iz8RQ=":{"valueMac":{"type":"Buffer","data":"txpWq94E5ZnewzMkdnoV1rpqtC7PIrLL5BYEPyZBnO8="}},"pdZlbAWgkptujmMJIHj0QTJYgG3gCSZyEdY3mQDFtKQ=":{"valueMac":{"type":"Buffer","data":"eZlkAWuHOFSC7fgmqT/m+ql5HRQb3x03riPP2QljHpI="}},"ptaK+42kvALrooSVoLdhnhCX6RyPiX8yaNMCPhXVsF4=":{"valueMac":{"type":"Buffer","data":"hS1nEJdlslZYxP6cblrg8Lwb1vO66Krn0/TdmHHF0e0="}},"py8kKxc122P6LEkiWAP3WaWfc8d3UT/YGebEHXj/wxY=":{"valueMac":{"type":"Buffer","data":"iIsD73vCAEVVNLILhXMiO9Y58RIr9HNpAnIPVX63VeE="}},"p6dnjg/oRltIHfaniO76jEthJi1MIyCMNr/byMh2NhY=":{"valueMac":{"type":"Buffer","data":"DesZvaUOBmVTolUpjSYjNf/FXKdJwR+yVtKOia9dQ5I="}},"qCYrBWxDIB/GuqOzbauq6chvLuWxBf2zt4fyeK7rDjw=":{"valueMac":{"type":"Buffer","data":"Ms/uri5ykGephp9TWbtplOJQ3KSGj8ziH5cM59lZGV8="}},"qEK0bsZxO8nXeXHYlB0W0CyDj2gp6VT3dAmTHWSYjGo=":{"valueMac":{"type":"Buffer","data":"hHTI7Jac9y37cZhMscHrGxuZEq28ApOOXwWtTT5AmJo="}},"qEVQLGSV89UsmMxI29TVJhKnPMNtIMsN4szDssQBNFc=":{"valueMac":{"type":"Buffer","data":"Nhdgt/+XeSTTf2YjPLGmcUIS8jiEU7wRYBrIfBrl7X4="}},"qL8kixsizm/yLouXMYCPtwGmvZ7cRwJ6LidIAJxmPDE=":{"valueMac":{"type":"Buffer","data":"WlpVWmJ/lYxyfBrJvZ+Rzh1ykO6pPB3uyv/iAIb+rzQ="}},"qUKYdGZQiFlP7puX31Qh5B2bqi7049/7zI5pUCbPFLQ=":{"valueMac":{"type":"Buffer","data":"3aQoYjiZqVeCefR2uDxuXv0djBE/2kvpsG63PHM16D4="}},"qWtBZFhDEwOEwwWXaIPLXZY3OXpCTf2vK1M2PYYHqDE=":{"valueMac":{"type":"Buffer","data":"d6PtKaBxwUkw6vbuyY0RjrpGAwEKGKF1sgCaXM83RFk="}},"qZj2Vgw+8RYp8PKMLApX6XuDgJCZIqpnjv2KBXZfqtg=":{"valueMac":{"type":"Buffer","data":"PkbX+F5F+TCK3RMA1kQtgjyXD9G5l1+tPfawZUPl9os="}},"qcinhcc1TeSWxNG6BCAewKzUjS43WhT5sZfJmnQJkts=":{"valueMac":{"type":"Buffer","data":"tFFZxyWCVROP3PW+OFGqXcFoHYgF7NhgsplVvjFqMik="}},"qjtYDJezUgvne8ufPO7DvbrBoLGaqN+sqtw4r5LeD78=":{"valueMac":{"type":"Buffer","data":"anWWgZ/zL8foy5iblNANk70EC5q/73a2zvyL6hszMNk="}},"qpfpZ9rTAPnZsfR5OEKpD7dUmbWAxcFEb3ugaFfk88Q=":{"valueMac":{"type":"Buffer","data":"c8lzjdr+NT8JQCcvl32eQbmDai3O1+6QbNuZ1HV6a0g="}},"q3DWrVzFB6dOmzmnsVAAIeLGBanjkBbDf05XR6le2SA=":{"valueMac":{"type":"Buffer","data":"qNug4GJz/c1qXsOmsmS2O0Gzv42t4TJC1iX+tV5rG6o="}},"q7+8JA8QBRlVlluCUVHHnEFQ4qMfzrOwDu4yD+Irkx0=":{"valueMac":{"type":"Buffer","data":"7UMNsCB/d3EPzHw7/BlrO+uaI+gmkhoqJUJwR/lI9bI="}},"q/ur85TzzCJ7f7QydDDaX7biEVwnhRM/5VkklL+3sY0=":{"valueMac":{"type":"Buffer","data":"8Fx00fSxaL3SENvJiERfX0SrZ9kbXAo1xC6fcaAlLs0="}},"rC5KtkxZmzDXppjCLAWZuEoK3/rCiplL+FzeDWTViOI=":{"valueMac":{"type":"Buffer","data":"23P75K1ybjmcbPWhnM18C225WWuZEmwTIEs9yP+EB6g="}},"rD7GYLIGT5jtOutM+k5RHTk+L9gHw845Z5M679yRt1A=":{"valueMac":{"type":"Buffer","data":"/6FoWdpdxbcbAaZ+KdaXUPEVdJJI34ksv722AzF9myw="}},"rGOOwp4N/Ud+WOcGoCSu2QLeISYTSePOTzAw7ZjCB1I=":{"valueMac":{"type":"Buffer","data":"8c/QYoTS3FqPVM2lHMoMqc0INWo0ERuXu/6Kxgdol0U="}},"rH7AcJtGofEkA3JcVFagt2FhmJogxZm+1lXCNM9s7R0=":{"valueMac":{"type":"Buffer","data":"PUGgfMpMMBajAOO1J3Crqt9iVjPUxfXZPCqhXKhdxgs="}},"rId7Yv6RF5Qv/n8BUdmCiVMDjieXs2z8FUHCA3+HEYQ=":{"valueMac":{"type":"Buffer","data":"gsZ4fupHovxePm1qoadwpWX+WzTc/RQwWlyH2R7pKFE="}},"rchTjWeyO8pNoI8lpCDlBHOwdPyGeeWw9AoT7Ld1Akk=":{"valueMac":{"type":"Buffer","data":"CTWTCXcaeO/xjcYpZICM63JpyvtkpyYziI3xAwPYRFc="}},"rf3dPsDCUTxHXQYydZIWHCtrNe4qbBRuVQaQYXAROP8=":{"valueMac":{"type":"Buffer","data":"o6m6yoh9UpXW9jvWVlNxECBADeuZ+WE7t/rOhskhdHc="}},"rtq+tbJetlp/erP8Qr0n3ttMWx0iaMlED0G8sO3jXGo=":{"valueMac":{"type":"Buffer","data":"cu7X2YgWwe0eGZldOiZByNc15hGerj/CvwbLyRj9WBc="}},"rx3cdvp46Yvwhd2zGblpt/aazrOCvEBDyxWFQaImnLA=":{"valueMac":{"type":"Buffer","data":"jZzH65aI65PFL4b/AOq4l5amDtBp/dk6NupxsYiv2AM="}},"r2Nnp7eFECnB+wvORoqdjPLNYsTldeCFqGL/7C/G1g8=":{"valueMac":{"type":"Buffer","data":"8Ceu/HCSrreX50Lqvv6EfVfroHPiowETfut9Yaqu71k="}},"r5lTRgzr6CEmXnM1t9LHCLGGXXJxwmpWbKixB1iqNVg=":{"valueMac":{"type":"Buffer","data":"LGwH1PmIxOahfWtvvhWMjCWCt9v766toRu/2tqx0758="}},"r6/9sTx3Q+ohKcl5bh79atbjn5pfuU6bb0LvqO4aRoE=":{"valueMac":{"type":"Buffer","data":"dRh1O9tfpSr4Iur5emKItTWbI5H6bYAneKJrClmzTh4="}},"sBkbFhkwyz+RHpEDpFkoRro54xjhRi+qOcQsMRLZAP4=":{"valueMac":{"type":"Buffer","data":"gRgxI47i914aMk4V/KhIgDAfAXWc7BwRQf+zAIOKyVU="}},"sOVUzxQlQkSLyQrA700+i7JIAAhMiyENH1n2eD5rI0o=":{"valueMac":{"type":"Buffer","data":"jAvsCm0MfWPHmnxz8aDug2MmAY1LF2xWWkhfKLaj9uY="}},"sQBxWhXugBWH4hINM2aoMYvsvSCj/vlaGO1jYQhwNt8=":{"valueMac":{"type":"Buffer","data":"y72t/kv2iwqYGuMLn1g29gv6lXD/t3lMc4ZuSTzTJd0="}},"sVdKE127O3CMePOzC+9RnaHNPNa93NlHNKOMz1y1Kvk=":{"valueMac":{"type":"Buffer","data":"p/nbu9FK8Bv267bodSZN8sMxlW1u5+xNpBrYuJRcdXY="}},"sbGsCIDlWvPW4Qj59n6rS1lP7Pz0E4ITpPRzi3XSRFo=":{"valueMac":{"type":"Buffer","data":"3Mm/9tWMvmgJcWI+pCrVIZszm0kDdfcMOwp981fEQ8M="}},"sfwRBUlDc8wWXTTqfEtjx35CmKZHJ8I7AWoO5e5rE9s=":{"valueMac":{"type":"Buffer","data":"pRqGW+mEi/djWVAabz71NFlZeAex25BxXq2s20UklS8="}},"siXdBgedirJGK9CAjvOtzR9J1a3HeMD7TMwSwEz5S/A=":{"valueMac":{"type":"Buffer","data":"rLUK9WnnNV7CJHddKxUB650KemhS6jq/38oDQSfDW3E="}},"soFI1kwJfUETDJce4QxHC4PL6HDdzzk2c6BxG1/b/l8=":{"valueMac":{"type":"Buffer","data":"FX88q3kfsBBXFM3g1LALAvqGUG4FiOy5putvB1vdxKM="}},"sobf6/SIk9gqj1PW1tUVRhUbMQDttP77NMle7QRDivA=":{"valueMac":{"type":"Buffer","data":"8wo03UDXOZNx4UPZ/Ajt52xK34jKy3BdghhEbOzjcEc="}},"sqf1tCs66jv1AQag2pVQf5vwix1zb9t3eqnpywJxYAo=":{"valueMac":{"type":"Buffer","data":"66p5XLXYYq9tteITzP4Noscyh0tFVtVncIMR6AixQ9c="}},"sqijwbuCHJ84Zxw1EgYCpeK+dpE6xHXQZ1u5SF2DYyw=":{"valueMac":{"type":"Buffer","data":"6ow0vWnEBN02DG+UAy9vZQcpnB16RczIPRnLGGzU8Zw="}},"swZdm5UhBZnKkReUNDlbXL5tEA+QwSIHxrN85M1VH0A=":{"valueMac":{"type":"Buffer","data":"Ywg/H8/LgZkxk/Zdz9UYMt8g2S0A9H6J4ywO3pYetQU="}},"syJyTjgm3+mpBOMxNB+yB1l/b/WtUWBO8nKuMJo7EJ8=":{"valueMac":{"type":"Buffer","data":"qMkkbf7e31jBKInB2Z/eRyXObu0q9rGuWfRDb/NIa2U="}},"syvRdQQ5UG4PJ4SfeJtRy5pWoT/7FqRnsMLXi3l9Gew=":{"valueMac":{"type":"Buffer","data":"CpleHbixWhKzz6uVvnibdghprWDwu3fSrChFiXHBndM="}},"s2aCYIeMB5ndmu88WHPtrI9FkudHDPCpGpuFsZSFiLc=":{"valueMac":{"type":"Buffer","data":"FI7G50zGqvsnjejvsurqPueklUcSq5AVj7E4GMRNPKg="}},"s434HxuE1UZBQJ/kAEZ7G2O8STShwYrUn5L19NuiNjQ=":{"valueMac":{"type":"Buffer","data":"+hOKL215ZO7eLFVZBCZYeJwxFCdtZcR3ZSkMRKbUCLQ="}},"tM5PHlxJsTwMCvyhpM13c6Ec1XRZHBfIO2I5OrLvfJA=":{"valueMac":{"type":"Buffer","data":"FPozxPzccCgvpYtjk0P4cEh2+7FqKARErTVxenU9qXg="}},"tkpgfNWymUuRpEuT/2E0VABuF779H3UyzVnJJJ1lhmY=":{"valueMac":{"type":"Buffer","data":"tQHvZaHcKBccCtSl/og/7NVTBXLlKMQyCKy+pqmi5L0="}},"t350ptZdjekz+phzHA9KNWoO9lHV4WlI3TRnneBiPzE=":{"valueMac":{"type":"Buffer","data":"fri93kgVlzIxZXlmnlAFZrW6+Hi66JVViJaB/+Tgl9c="}},"uC3RAO4pU1GVm9k+LbKangPYeFswy534nCiPAEb1d7A=":{"valueMac":{"type":"Buffer","data":"9zxSX1P+6YgTj1ZrWA5ZkkDahvhm3FER5VJN/jqR0nY="}},"uLMGQRH2a85kvNmpFuHrX+uKKK5UyYMTjooxWeNr9WQ=":{"valueMac":{"type":"Buffer","data":"0dYHizf8DIGox/9zZnmyIU2BiLPZdfGNxvTw8+zL1js="}},"uQ4Nm3pILMDRUODEBaWk3MqZZx+1MP6NtXfpXWRZPhQ=":{"valueMac":{"type":"Buffer","data":"WgXcDnenc4wN30Axng4S5rMNY0qmKren/GZ5x1LLrBU="}},"uYq9DB2xv/0IQFdW1I91YE5CxiiS1vTCJeP270cdK1Y=":{"valueMac":{"type":"Buffer","data":"doK1uB8i5N9xg16upVBwtnPjM1adtSFLEwsjwOPQFOw="}},"ubXneiYElERaDVFToq7vu9HEPv1vMl9kBqBQN/phiN0=":{"valueMac":{"type":"Buffer","data":"HUJAAgAyCmjoaFmCcOfUlRTXUeFHttHWAIQ+/TlvZBM="}},"ur/o9g7uAuAvZz5PzAoTp4zAfrCyZ5C2/GOcNxV/K90=":{"valueMac":{"type":"Buffer","data":"hkI8Dq6HcVAA5yRgdKA8VbYFMiOe69p+CnuaUSIhoKM="}},"ute3zWosH8ZLZY9YQwOtScBRRa1k+p/ZM4xb340I0aI=":{"valueMac":{"type":"Buffer","data":"IbOH7qKojBcxfFh6r7GtZ71imlZLBKsIpXjO0zJRtiA="}},"u0gsRw6gO+F3Gd71mW5EreRXDX5pniHd2XFctCUpnWQ=":{"valueMac":{"type":"Buffer","data":"V7W/CuNsS3UpQBS50Np8/4+y2mr0IwfrzUluCtu+H10="}},"u1LGmDwQgVKLktg1h2uRB588jmS5mbZE8cS+r+Y8Zgs=":{"valueMac":{"type":"Buffer","data":"1eGYMfSlOYC3y6D7N1TceMLTk4USYoana/06D+o0gNc="}},"u3NMhASGQ37pCCS/g6vIe6/f3vekYAkAsp8veNwhYSg=":{"valueMac":{"type":"Buffer","data":"yqYz8y8nxUbyP894YYJQH8GsnQN5vw3L1VcK1Ew531s="}},"u3N+cESkA6+sZx6vkQRZvgaDhr37zrBRGyXodj5mjlQ=":{"valueMac":{"type":"Buffer","data":"WcktwG7Ar3Z5W1IcPYqIN2xziNjM6I0uFD9bgLxsyN0="}},"vIRIBAG0L9zf5Xe/NY1tlk2PqhXn6Pov+W+avNYJ9X8=":{"valueMac":{"type":"Buffer","data":"RwQUozuJ+pPKuFL5laXPZztC+15uUoW0efMZbO3tM6I="}},"vIdt/MdaRsIz2LeZq98hvG1SrAsfMg553nPeFwcipZ8=":{"valueMac":{"type":"Buffer","data":"hQikZI1gErhTUQzZddwznp7vSLtjeGREiUCHKXJoRpU="}},"vQRchgGph0O5XnXbFzUKI9HdMMclonYWYpFLIZqWaSc=":{"valueMac":{"type":"Buffer","data":"S9fdk7P059ovASADqWyTZIZhOMn6WsXN4C0xG41h8Jg="}},"vZsq4e/2sKwbgtAUsXoFw/9UgrRmiU7zrKKt8JtBCDU=":{"valueMac":{"type":"Buffer","data":"D5BHWkJBZR+uxaVaa3pHCBcYiFM354VxzLr6yNfqNEU="}},"vbBbEBhFvRsGsvuvsVPfDXFU9l5WNP6HDGQkUXe8qfI=":{"valueMac":{"type":"Buffer","data":"4mRh49bcKdRN/T6syR7BU+2w6QyMZBKvH3flr2LHVKI="}},"vnmz4BRNG7xX8JK0Bhv+4jg8AIHfvRgbBqU+wUfcom4=":{"valueMac":{"type":"Buffer","data":"eDiLhuq+g8NtjLVndO6DjrA/1MNEiCv4ZAI4fNV5RKw="}},"vn6DvH4jzv7lztRq7iuvOjfPaDOw52l9LeQezQNKh9U=":{"valueMac":{"type":"Buffer","data":"Cs/3fQApur0gbCESPpfMrgpgN6FR/AxElP4Or9Ba5CY="}},"voBOpikqZoWYge2/kuDtyb8Dsm4bv3XeOw+Qgc0lz/o=":{"valueMac":{"type":"Buffer","data":"wVuUijyIuGNoqVIAZsnDI3lDi3X4fr21pXmOERXWWso="}},"vpWdbwIJFu+w4CUkVIEJ60IKmVQvvEmwWLWDUWjIiM0=":{"valueMac":{"type":"Buffer","data":"1qqPuJD2BtXje2VIgMgQ1q/AUJbVgpSXM8jye2F+pek="}},"vs8g5GW7bNgDY4yncWuWGvsvj+xFBVmkba1FrQAzlvw=":{"valueMac":{"type":"Buffer","data":"rTA0eRLyRRhpRqVNXLzVgiHdvZpd+yODx4U74aIOdcg="}},"vwEYpLRPARH6/IGPNjWt6z8m80zkGeBnADueg0u3k/Q=":{"valueMac":{"type":"Buffer","data":"ZQnUoBoghKg+jJxWFjkkQHVF2E+zJvjiasghRm1txFI="}},"vwyZwI+ODLagrizXsUdaSYYsRCx0SqM2pV3SGreELA8=":{"valueMac":{"type":"Buffer","data":"g63KElMbgjSfzh4BsuT6Gln3250Y7yAnrE5Uj/gIz4Y="}},"vxjlX43KsIw4vQP1kWiH6rM3smgQToDEl+QEB2sklBw=":{"valueMac":{"type":"Buffer","data":"/NOvfXSq2M+YXnHhkyXSJCZclbzdZGsVHJX1FO2TQhc="}},"wCdmVmVavPcl0x3l+azBUwbqBYFWAwAAJRMg26bHI18=":{"valueMac":{"type":"Buffer","data":"fdU9sQTgXopdNJSPzUbPYZVyq01WCqKGZ0YcI7TMs4E="}},"wSgSuF+TIuvVXNsmrz+56+CpyTWVi6sq+Arrj6YcA60=":{"valueMac":{"type":"Buffer","data":"WOT7dVubXMPu8xIjwod6e8Pc0KVr1I0Ck9Ba+KrrZ4I="}},"wZS9HWJmnOzqT0ASKkcB2RKxDnO79h0llqvWU3UJ0zY=":{"valueMac":{"type":"Buffer","data":"TF6noGQ5vxSNrdd5LtiQmgSON/Y3x7i9x8bQW9qS6cw="}},"wfd2kZ/JmZngsjlkAuGPIjFFf8A1n6UVNM7jjp3W0iM=":{"valueMac":{"type":"Buffer","data":"DPeBtxYcG7pcwRLm7VQUzPUPV36GCTG6Ddbfa3s1FbU="}},"wji4uOl9FAtovlIR1o8uh8g0cwbmMKesrLZ6YwkjlbY=":{"valueMac":{"type":"Buffer","data":"TIMPCwCkycx5qciUQhgAH74qnZLgcTjZcgAxCYzGBK4="}},"w3GvIAuJE6xVJNBEvxdyvGLB+T8MlHQb2ul912aPiYU=":{"valueMac":{"type":"Buffer","data":"P5IjdOzU0FK+/o0Ks/k/VbDgrilhwZkwY7ZLbns/yck="}},"w35QpYzyjdXOkMzbV1u2i465pKH3vtgSHUW8Zv8nfcY=":{"valueMac":{"type":"Buffer","data":"7C6evVaBFWPKLmY4RWprSg+EjX6+zIjjnf3zx+s1nbY="}},"w6mPO2X9kvJhDeULrsYsFWb7hsF2G+rSkea8jxpkFLA=":{"valueMac":{"type":"Buffer","data":"W16rRJmsq/ZaTDLxx4mbtiU1yTRFtHlWjvPXSZGcVd0="}},"w8p07fGr5UHoMlR9Rx3ljSBKXyo302uhpb5CiyA1epM=":{"valueMac":{"type":"Buffer","data":"p6pY+/3t2zfdGpWuY9gteqnV5204+DNiIsDL7tJK9TM="}},"w98XkFWPn4KZeszFR1Rz22+xRVsMxIhzVvn2u/wklzo=":{"valueMac":{"type":"Buffer","data":"CM/wsflCEBA++lFh2oeYIiuRXzL3i8dJBwgBDvj6QeM="}},"xFkLdgioLUDnXY1JzC7DGGAmT13eNI9PmWml2OxbN9E=":{"valueMac":{"type":"Buffer","data":"90XogXci8b056a9grkpMO5cduRtj4xtTB67Y3WBrzGA="}},"xY3IMUIUkXYUhytaZuqIzBnaI5D28Ittx+Dqv8rtDYE=":{"valueMac":{"type":"Buffer","data":"Nqham27KDOkVm0w902545WDReJqp3dlgnSztoflecGc="}},"xee+7Ux+DTpLdUnxt9eh/M1j1jiMwG+Y9SBzlcmfdzw=":{"valueMac":{"type":"Buffer","data":"f4AOWsfKHrcWtv0IZsBMMmuSKppJTYBXfpfQ97j0K5M="}},"xtlxsJKS3Iz9c1dj2jwhZAkpgwGldCzFFzZnunVtM24=":{"valueMac":{"type":"Buffer","data":"QRT5z82Ph23tENGEikwYtkawPk0PQgoYZhXY0tprX14="}},"xvJYkpSmsUh6qF6MVkJIxBQs0taOqQ3ojQ0s22+vIu8=":{"valueMac":{"type":"Buffer","data":"6/i/53iiuhhWXwa4NXij50joSGirg2lwFr8L4+vQ9O4="}},"xw0jmW587o13tlryfzsaxc9fiUHa2GOJey4rJyF0/Ts=":{"valueMac":{"type":"Buffer","data":"GG5EIYB3CU3qrPj7fYFRvgf8OmZnhGvEzdqJmArOt/Q="}},"x7xujcghsO65g5xfjDOkSInOleAXlUUxC5rADcfcMns=":{"valueMac":{"type":"Buffer","data":"qcANOWiMRces/7keaPPntGMoP8lJ9ZgmBkUEattXNr0="}},"x+HW57BewSQDDGV1slrP25iD6XIKd1BgdcqRr7dIP6Y=":{"valueMac":{"type":"Buffer","data":"WLRVvCcjQUpPvQmPIXs9iWmO72K3hrewo/uX2xnKKJE="}},"yAGidg1MREXKJEzHjaiZ9jRQCCWmiJirOSr1qjdoNec=":{"valueMac":{"type":"Buffer","data":"fB1Crg8TcpGMPyaRSLblIJDQ8Vx2p8ibuVFTBV/tllM="}},"yHkGBWHjw+j80wYwGDGYMeBWL5m/6HkttgK+5k3E6bA=":{"valueMac":{"type":"Buffer","data":"2TXME2/4r8fr22zQJFSu4iNIpjYvFjR6Q7ClPGSiwF8="}},"yKuSBqhwZ/KpuEdgEQXw4JdlzWy81E0TRFYcCeRc12k=":{"valueMac":{"type":"Buffer","data":"cjmXT/3/Bi+uzgk2oaXKoiwGn250Rjt5ykBfmCv/5E8="}},"yTbk/3zRJR4lfRlszPGAACDbDYENxf1t/9Sdce+21ok=":{"valueMac":{"type":"Buffer","data":"tUz0n/51LcyZY1PXa2LOIBmzH1wJM35tX4Uktz33BXk="}},"yTxT4KiRcpbSECvc4KdHDjUIMQcfCpU8QoiGlZVUEIE=":{"valueMac":{"type":"Buffer","data":"100GBZZFd4/BU65vUn9opYzv1Utfe745OHA0/B+otCY="}},"ydkkqOFT7d3Cp+hEltWgeA914nYmrrp/ZDnXbVO/m8M=":{"valueMac":{"type":"Buffer","data":"tT9qJKRi3SLxvyFqffvedv1Dw+9RL/FO7o0QmA94Mag="}},"ygnYOeR3EdjwNCOheLCKGdRzU6Sa0118FtTdQy+dpwc=":{"valueMac":{"type":"Buffer","data":"1jC8QYOBaE1mF31m+r8NjxrsYm7mC8iMjyVUff0Sz5I="}},"yvYRICraaq7pC8blkqw7kd4JSGYt7YKeSfx78b8d308=":{"valueMac":{"type":"Buffer","data":"HS1bozxVwttDJHOayKUJ7lxTYLiw54kdck8SL3gaVzQ="}},"y5Zs1YsYFHkdL4mr3C/jWXpl6u/5uud6nI9gV95rym0=":{"valueMac":{"type":"Buffer","data":"9e+P1Ivd3362vXvoqe0UtAvzpfH4URwLjbONS24SaA8="}},"y5nBSqnFF6eGVwR7xqGFsxisJSkKLtjwNyPAK9q3ZLw=":{"valueMac":{"type":"Buffer","data":"wX9W2nveEg7VsgmvXbqPnhFxET07hjj6aw8VNj8R6X4="}},"y6OZUjL3EaCLASc0hCjHEhvNeUebjc3OHJ/ms8jN3aA=":{"valueMac":{"type":"Buffer","data":"of603mruaY9xbqn4Nuc+jyUdycdGpkiQ6bgTEDdOSRY="}},"zA5whkFBLC9olPRBNwLbbscNmAHhp6MXE5uvkaSzJxs=":{"valueMac":{"type":"Buffer","data":"9DNaXMSJhqhrdXcJr309OmEjb6xDVNbaFodGUM2RQ4s="}},"zCzDJMm12kszYLdKKkRkKmYQDytkzxeVMll+kD3/Wtg=":{"valueMac":{"type":"Buffer","data":"IGPRKpCxv3/7yWIBwKdceYsLjbaUuQnpYg93UQc6Gjk="}},"zDWyZSuvDWvYtm2c9KuN/73KkA9SNIT7nK00wMhL06Q=":{"valueMac":{"type":"Buffer","data":"uTzFv1+5GqIGroHO+Zqd/o9gYldy5haVSKJ39AjLX7s="}},"zFRSiN4bxhNoSLk+yNB7rPCznGq6/NC657wnU9wrLas=":{"valueMac":{"type":"Buffer","data":"scI7eHFydKg0HRQgqvUjb7aMPh57D0J2Dbnu6gdtCoM="}},"zG/9oJEDxwJQw7BtrnJWbHlBA8dtmPCk/RLBymfpPHg=":{"valueMac":{"type":"Buffer","data":"yANajHF5ERh0LTpqeqxt3+w1bfprr0tzmeC8pStdql0="}},"zHhU0TIZl5FqjDvM5nIZWUaHyxtrSlXtx9JgcLme8FM=":{"valueMac":{"type":"Buffer","data":"CrG5/CkN3VmXecAjiYXeZKxysa2TBqrvKnS7G5Cnjjc="}},"zNrndSFdzohis+s2o5fgs65baMcVOFiy+6DqRKMITwI=":{"valueMac":{"type":"Buffer","data":"z3naAZVCpah5Ol9mVo3W5AYzpM5XBWbqMek0IseLcG0="}},"za+S2Dm0s83d3ZTzhK0XqoojuCZmHoGYsuGOIsxFf7Q=":{"valueMac":{"type":"Buffer","data":"HvJWpaNIAEC5Kra0TMJIhK1R5wbXFumC2b/kZnHXtEQ="}},"zspIOiS3v8tDneQlhbFfiAB1tunhHt2DjPIBWlGKdBs=":{"valueMac":{"type":"Buffer","data":"7BKsRI9AjwALC3DOJrKbCtiOsh7HumiQ8O8RJoJr2aE="}},"zvtidyW8wfohy5mJCbZoRlLQ/hkzsFDmoqc60NjEqlY=":{"valueMac":{"type":"Buffer","data":"BqTQ+xLGBPn7NnBRFx09rV37XGQPQszxyGKHnwl6lFE="}},"zwr5Pxo2YBRVcN/c+FAxH7kI/BsvLiApOHbBx1jFCAs=":{"valueMac":{"type":"Buffer","data":"D3l6V1sEXgzD5k+XfwzvRxaHq7jZ6EjZSTS1YrLMObA="}},"zx2BZcfiEOPJ7RzA959/tM7maiYKRmwwtdEZZBQzOhE=":{"valueMac":{"type":"Buffer","data":"BGIVOJ3MQX+FAhsPQBLYoDkOp+lyYgs+W+tDLV9YXJk="}},"zyE2P8b9qYpfbSNS0LC6ey5LajVw3iyWmPBbE0pQU7c=":{"valueMac":{"type":"Buffer","data":"JRbXbaNKn11SWFNM5+rqUC//bVsLTXCVKRNDmiKPF9A="}},"0R0tSqmgKLNqZZv9Ue3j5ijRlwJNxYIKItZZylpxJzA=":{"valueMac":{"type":"Buffer","data":"K6llpByqR9F6jEhBslGatRNgnDzTP58BhQROEfvkxXo="}},"0UtGcmSRl/2a1j0Mw0BX1sBc8VN0mYxWBvjW2veUf+Q=":{"valueMac":{"type":"Buffer","data":"Bik0S2D463Mhmk9qs4joV6ZCJfzSZDIy6eLnph/a3pE="}},"0hWL2SaZuK2JuOlczWwkM2FJdwLPovpQ4rJYq+NB1wg=":{"valueMac":{"type":"Buffer","data":"QOxU7TW/wtW6Gya35OvQlvFHDA6R5hXPcFjIMk7AoBU="}},"0rFueb648DXHgKVEujqMUZ8NEQ2veKVO0n1+OKGs6Nw=":{"valueMac":{"type":"Buffer","data":"jsfoF4ZH03vnc5NowibVCM+Xh9EgDecXSlEiG15wSFw="}},"0rHLsI1/gWF+Tvegu0usX6zgTNSlGPxhiI++hmQn+zg=":{"valueMac":{"type":"Buffer","data":"My8A6ZZRtYXZyPbhx/Qs1jQ/OVhsgg4dnoRVgZQAgZA="}},"04OUZyP1jEOsIlq/hMMHnvPX+PlWDck4mih6NipDPTA=":{"valueMac":{"type":"Buffer","data":"jMyBZfINaLT2wcV/FwbG0OqM9bAPc53qNjw27slDjUA="}},"04SxwtZQr/Fz8qs1EbjTCO11ETKbu/9MRpIEEwkGQe0=":{"valueMac":{"type":"Buffer","data":"fvOyhFaW2FmD1kChdBOdwSVhszsjqsex0JBiQIUR4BY="}},"051naz2s7W1QMhPjDHBikqV7xeI5ynEJWk6oNL295Zo=":{"valueMac":{"type":"Buffer","data":"s9YQ065cO9IBAMpK33Opb0EdNSpVBY/zMmletTvo7h8="}},"06UQH5SreDZ1T36bwDs8KiVATMs9g3+k/ToLuXtX1iI=":{"valueMac":{"type":"Buffer","data":"tR4mdwhTpnG52tBZXQnWJZCcSlrBXFjTPv1POD140yI="}},"06W82fQbzek3ES+KcEcFq/ipeLIMMqPkFZFFZrVZOZ4=":{"valueMac":{"type":"Buffer","data":"4kW3XjHcuD1J9Y/qVbvdfVc2o3DyKn0UNaYsVhMka60="}},"08b4U6uWPdcqSOvzoPKPAq6sdSxIN7XCjfS0D9XZisE=":{"valueMac":{"type":"Buffer","data":"6JdqFzSzyQaULT9XbyU2eQy4ZS+++gJlXBlhvEBh+bg="}},"0+d3PZwyFXeerrI5kaWZgUnDL72S2MVby+ILnMH6Pls=":{"valueMac":{"type":"Buffer","data":"zsI/TZhrRs2imo4odNbk0+PU+sjjJjb6mACy5T+cd00="}},"0/CLhLRkVSSSZneF2OWFnqv8rRPRrP223wZ+rqxyGTk=":{"valueMac":{"type":"Buffer","data":"BH/oXtFXDSERYjvJwKiGqEzerZXYt2XUNq4Z5arw2Nw="}},"1AznJzWBp6skeGrRQOq/Uw0LCWH2E5oWfa/ggw8InZc=":{"valueMac":{"type":"Buffer","data":"A/TAJtAIYEhtHUQSdVBtYeWsw4VAvez6bS1dzEVgtiI="}},"1EkupAVr0uKcNQh0M14tayp+3MiHk6T9tiVv/+1iNms=":{"valueMac":{"type":"Buffer","data":"ZHSk8bXHaHWs7WLMGkmhCUm8e6/RN34FDwPwBIs0qXE="}},"1FBjMz7KDx7e7wZ3R3UBuJg0Bi+tLZbvOy5F7BafSdU=":{"valueMac":{"type":"Buffer","data":"pgow/bQNXnuXm05xqUJ+ymTk7WL3Tjsma3KLtLliQx8="}},"1VIzpASG3BatB5JnURsjA1UQrF0HJ+f2tsXgucpkpAc=":{"valueMac":{"type":"Buffer","data":"Ys5i/bJBcuSqdOu/aWfw1f5FowKiMAbmqT51amxi/T8="}},"1aqcHk8Qb44O1PnS+VFkznLUeiPbzHDO7wnz4GILXSo=":{"valueMac":{"type":"Buffer","data":"kU4Y/EyQ7lgiVBZm2NGa1b8vFSpGzvoNZcDzNp79sk4="}},"15/P2PvmDlEtmBgakmmT0p0MCdON1FbxhMy4cY1yUP8=":{"valueMac":{"type":"Buffer","data":"mFYtHc00Je14rxRBAxQoWwlp+VLMtYqWA1e/NhZ/UQQ="}},"17OsxuJ1dkDzpVa1h7QS533boczJUmXvraSMSA0v1Gw=":{"valueMac":{"type":"Buffer","data":"rtnFjGKxN8f1iI+pYAiB0Rl4Wuu6Ar/4lTQv+/TZWnk="}},"2CP/jx8DztV5T56ZjzqlxxJw+5dPilhzYqk7gh4kmPE=":{"valueMac":{"type":"Buffer","data":"sTFHYL0eDJOybh8J6RpyWDmJCaVl8CeQhz2atQ3xH2w="}},"2LSB7BfeM48N1FZOlnhp9F1Lp20RC7UTT6hje1ZFQSM=":{"valueMac":{"type":"Buffer","data":"GaTTycNTCrm48BM9sZFR+sdLoPjmkH94AiFFiFo34m8="}},"2P9hEkhhsUzShfFxhXrExs9Sg2b60pGhn0mWXncC3OU=":{"valueMac":{"type":"Buffer","data":"dAKEiJPu+jxq6QRIXyAP+nWvTEEICVz7P3l97uF9X8c="}},"2RTVBuxbz60ipOp9oSON8cSWF9n+WtvJMK6zpxOA7SY=":{"valueMac":{"type":"Buffer","data":"ZSJC4LDFT7Z6ey3H1WR+W43jpSinpp3cSotjzZkqz7E="}},"2Yh7Aux1Vcs2bWF7izZfYVDkNW9RQmHDyPmlPfuECi4=":{"valueMac":{"type":"Buffer","data":"p+gWD8jbSDhXE9MeADuksVbp5X2FIGAJbq07iAauXXo="}},"2btFxze8tngJk+k3+bG92iL6PH8pv0qAhgHETRuk0es=":{"valueMac":{"type":"Buffer","data":"3SyfAEQaZhue9P7LgN45Dy6PocdTMJnUgG8ngxlD86o="}},"2cAjvrLNexrH2dvxfnz0Snf7BSWg+S5lPiZ4h+pxtcc=":{"valueMac":{"type":"Buffer","data":"KIw1rxaIjM+WPQWbYFw6y+tt8ELIxQL4mQJTjEs+z7Q="}},"2jBmnrVH3lyYdHbwAK2a0TocryVsTBPhFnsHsyW5xCc=":{"valueMac":{"type":"Buffer","data":"vdCYd4iJ7OOEuJ7Hln8rkNX2iIQXrzjWPpMCHfSVTFQ="}},"26Eyg+tOv9FwwqmfF8pxjCWatp8N5rjiLzadVytRDEw=":{"valueMac":{"type":"Buffer","data":"CvNvAd1J4LfX1rqafiIku10UTl5LW7qEAWxbrhRAMRk="}},"282MucLUJMUa3wGNKUDJwCAj9jLYvQr7nJWqXf4ceGo=":{"valueMac":{"type":"Buffer","data":"Y2gSu6WldE2m4mne+LVcxgdLh78EEbNKqXJ+gEd6RWw="}},"29UExUk/9G3GaH11yi6WwGkisDdAct64C/Uim8sxW+Y=":{"valueMac":{"type":"Buffer","data":"C/mG2iaLFaEgPgMLivs9zndwdyiXl0Aj7Ezpy73V30U="}},"29psh06VHestERBMvTGCpW14RrBj2I7Lsw9eq0BP71U=":{"valueMac":{"type":"Buffer","data":"S+PG9oQQCcM25BjpFC9hKMoLalI57hwr6TAa/cl+80M="}},"3FkEa7mVVnQCgfPiBqVdrblcBtjS7WQzS+UKbrPbxUQ=":{"valueMac":{"type":"Buffer","data":"O9Bb283lO7CKkfl0Rq7Mxpj9jo3MdM6sXd91DKlA17c="}},"3IkbmABFibnBr+1bi8XwEm7KwNN2IloGmc4OooQdz2U=":{"valueMac":{"type":"Buffer","data":"I5TFByYbS+eFtoAEW1OwdEsKilhZR5hFVJtK/gmAPkY="}},"3LNxTcgIgsxMerHNsL84v6L0UvCpdrZVkH97BFBcdFQ=":{"valueMac":{"type":"Buffer","data":"jaWKKyfdvKfUlqMsXGteR4gLXIVWtaSGAoKtgmdlXyw="}},"3QrV8U5S49gKFxihuzkVpBELhIJxarcsGZlnqXlHq/I=":{"valueMac":{"type":"Buffer","data":"fa2WyhpIqIL9xtvad7v0FUKJ8qP7vdIKN2Flq7YRgYg="}},"3XhcL3ljZHRrS89Wg4UMcf0i6RnBBkDnOCDZQUsGEGU=":{"valueMac":{"type":"Buffer","data":"1CnMMRiXzbgsKWE2z8eb0H/wKloZ+Bnu4joh1bPrTQI="}},"3eLxIan4FSgAMTpNa7N9ZHqSggTPgxgnyMz7SulmJyI=":{"valueMac":{"type":"Buffer","data":"Frwt3ZYV9FeANXJYLNDiPjh5nyAS/mOesKpAgOM1xuM="}},"3gq2Z/EA/uenLHspsi7mIi6j0efK6fHwKSPxt1zqH5o=":{"valueMac":{"type":"Buffer","data":"2NRKHgjC/QnX6AGvu0ULMoSOCTZq18LKDmvESUbKpXk="}},"3sJXX8TWNpdzWr0IZx9JRzNuMjlL2/mcJTQSMXePLus=":{"valueMac":{"type":"Buffer","data":"u/S0AR74JFH80nr+pzy4O235He7e5ru2X4VerFjIxJ4="}},"3wNUzxMJv5u3CWoZWtO3wo16pIZYHe7S3pYOlnNHAOk=":{"valueMac":{"type":"Buffer","data":"NFMf4lhJCs7FcLA0/zmvXhragelDaoYh7gcqT+96imo="}},"33GUuulooEpnjEq9t383UNoezyPMLLpiHEWAiNMjcFg=":{"valueMac":{"type":"Buffer","data":"EnDl/XsqYEwCtnN/OTXItUdZhfAKrza5fcc9+vG9PeQ="}},"392hHAnzSUjYlYTZsVgp2aTpi65dyH5R9Xagt1AhuCc=":{"valueMac":{"type":"Buffer","data":"juW3NR4x5EDtJtrlq0b95o2yElcLtf8BTXlZ9O/D38Q="}},"3/O5CfFgb1WK4NUw0/8huguzNUKs/yOCv2pkqB3bjsQ=":{"valueMac":{"type":"Buffer","data":"3mmsQV8ekfAijsxSQt/GoYdypkQfgQ8LSoIIir26Sv8="}},"4DHTAX0OHh5oq8J7b9gzTjTswUevs8vzFitfW8bn9nw=":{"valueMac":{"type":"Buffer","data":"pURrDSLLcnv7eOjRWjeitFVYOIniw7pXoCd+AG+wXsU="}},"4Dy5qvkQLLMZBpQ26LHADMqxxw/VuY2cyvH3woYdr/0=":{"valueMac":{"type":"Buffer","data":"a/qcWzbTUYeBthLbjgmL6+GBexctIlMsTUgZzMx45j0="}},"4E4HUhfhO+jrl9h/22snBoBACj0Vlowa/bdEnKMW3s8=":{"valueMac":{"type":"Buffer","data":"3N3KmMsScdSH1wkfsrZKbN5dJpIEkrihc5kBOQ+VaVo="}},"4F+poAWAIa+9hLWZ9tUnMvXRfunF7uy/7hjUzGBZUqU=":{"valueMac":{"type":"Buffer","data":"DT0lW/zmqtKfrADx+o6yiTyo2B4mGvSozX+YiTU+xW0="}},"4I///xPP+jV0zIEEfBwNn7g8QyjXsUokyIjcC5+6dUg=":{"valueMac":{"type":"Buffer","data":"kwEJFyaEogYoeswuWlz4pXRTCgUsMsrjwzsSWaWpKzY="}},"4R9k+YNp/bT2vcx8T5+zOtSNLQmic11WEzSRCx9EuIE=":{"valueMac":{"type":"Buffer","data":"RbpeyRPUsquSWEwyNzBLEHYToDxJkasrJ3+gItlr908="}},"4TYgFvhvfxvypvO74Ie3CpRKFNKi0TniLLS/pkIhWkc=":{"valueMac":{"type":"Buffer","data":"76j6W/BsvW1uFLtb0otiSdZjr4i2pg/xbPCR7ITZfUM="}},"4lusY0E36mI0paQMUFfTxsLw3ZVc0huajrujE9/x8FA=":{"valueMac":{"type":"Buffer","data":"Jym/dtXh0cIpmijMG134+Me+bky7+kragAdyREpL+jE="}},"4nShrPNpDLlrmgByjQm0yTGny5qC4J14NNWs6V1QKb0=":{"valueMac":{"type":"Buffer","data":"KKtGPiReaqtam32Vj3lixwCEGw5qyUP0cY+l8YVNS0I="}},"4o2tC6LZTycybB3VY2mz9toBsKk5xp69vV1P0KpwQ68=":{"valueMac":{"type":"Buffer","data":"gR/pQKPE4UvwGsBZH56G4Vpzzz43cXRfw/UxMuhD1vY="}},"4tU1M42WLrzXqqK5YfWLoSnI7Ol1UujNnpgZyFC1Dq8=":{"valueMac":{"type":"Buffer","data":"m86sOacllj08hf7NnvIUmcJo+rpGIaQAqYqHzDri/Vg="}},"4vDhUafMPEosuwZVZoxUlV+Uq0jhBeKeHhO5Z576p+E=":{"valueMac":{"type":"Buffer","data":"6s4io8wNY+ol5lBP/iOuebKrB6MuYbmZ0E8wV4kHxMY="}},"4xXgrX39qmRyZW4ox/wxMAfQG9pNIEMryOUiYDHDtX4=":{"valueMac":{"type":"Buffer","data":"jm93BZKa+uQ8UUvUG87Zn5vwB+72El7rNbkTCU8hUWs="}},"43jD2gg5TfQjnqPTE/arPifS2DcfaiqBL9hbrheC9E0=":{"valueMac":{"type":"Buffer","data":"P/IUbWX8GtJgWHSWcWAHBX7d0PAaeYXko7qAczisOiU="}},"46uoCPJX27a+QGeY5l2BMf8eLOOvN809IvtGzi5NgsY=":{"valueMac":{"type":"Buffer","data":"xwTh8fSjvCt+bR9dMGAUOnd+iXglDxPq9EywGr5CHus="}},"47Ji7LGT9RqIj/YwiloyRmMQ2zMhBuPxGA9UjtFE9jY=":{"valueMac":{"type":"Buffer","data":"0oxCBrDpMCA/vbkMbwMUmZv9dVMUN0Gi62IoF/s52ZY="}},"47dQJMc//FfDz219CVYVFLpy5ITWY6+Xh5D2Z0Tz1tc=":{"valueMac":{"type":"Buffer","data":"BxDievW8wVGRAMq/5zzNaU1xDp4laT6NndnpkC0X9Vs="}},"5FfqZ9KU1fBiQ0POrEAnBHu5ZeNiPvYRRFGLXr72Eb8=":{"valueMac":{"type":"Buffer","data":"bRWBe8ab8a5E8rIcLjdIzNYNtsy8CsUUDpLNF3PCrgs="}},"5HolBliwTIxue+aLdwe2vOLvgIAT0EJTe4uMldlc9Js=":{"valueMac":{"type":"Buffer","data":"ju8oEuTK/StPZEJQdcJTOcH7vTqtUDuSgbc95cvuqYY="}},"5IoL2qPx4ne7JF6j1RWB/ts/bkNGGCeujtV2sxLLC48=":{"valueMac":{"type":"Buffer","data":"jVqD+4gwoA8BNwNFI3I+Z2G/6aw0avdj5egtqrts3mg="}},"5K4q1s6JEvfX+tj97fPogblAbcEagWcQ5wK3eOInPaQ=":{"valueMac":{"type":"Buffer","data":"NRne6Tcnyr8bYSu8Lzat+gSisG9MMnr/afVKzO8bWw8="}},"5NHVydcU2IwnTn58nxfvhBRaZqIoPwHtF16uduAcnPA=":{"valueMac":{"type":"Buffer","data":"LB82pex0QNkEBvzRkSXPknCyzXeUQRqnlMJTy7fJvGs="}},"5NgKCnAq1l/LZAXlVDbJvkQz5yA937W2H2A4LWsVCH8=":{"valueMac":{"type":"Buffer","data":"aP4el/YTVT505pS9PnaXue3egYX8hSghbExReF6wHwI="}},"5PyRO38tDut3/tI/cgYAEJQecs94jsRjVE40IX1JB0Q=":{"valueMac":{"type":"Buffer","data":"/vIR2OkXLZ1pbjGhixy13QrZDGoz0tcFkMbCZcV1yVs="}},"5TPpCT41ahm+CkTUqq5ecCYuHDXMsTq/ZfaFfsxTILk=":{"valueMac":{"type":"Buffer","data":"sAptUr3jCnEXI0l3J1Lgo6XvC/h4E84R2F22n/mtWlc="}},"5Ue7AAHoXULoMO+QvS5a802lSXsw7EO+jBIuTIdETWA=":{"valueMac":{"type":"Buffer","data":"HMbPjsZLRtQ/tQvnGTsyJ+gZrAwKVs5lF1XdbdpYxKc="}},"5dRWkaqXNOoXh51WxtywaptoTFA4djtuyFRM/GIhZuU=":{"valueMac":{"type":"Buffer","data":"lVjczM5nYgEIqlOkKg+cEM3vrneG33J/+1Z7UgwTy4Q="}},"5irxgm9MflP2OkQvmDnMsbFhnrUctTWz6M1WohbVOIw=":{"valueMac":{"type":"Buffer","data":"8Kwqv6Uq8ycke4dQ0Rh+hvpGRlTyy83lNSsOYnMVXRU="}},"5ms1PuQ8mLbeV4foa2BX+Fo27HYbTb8svjdvjQVc6f4=":{"valueMac":{"type":"Buffer","data":"mqeirfilOtYqS1j5IaccUqhNwbCMqtU74GyFaGCT83g="}},"5qi1Ubtuv+ScqDAYQHPHjECMpNupyIyX29kMiUbUZnE=":{"valueMac":{"type":"Buffer","data":"PausU15B4dh7/FuIQ4KbBglr4dGffRgeSUSG1efumWk="}},"5sZiRBpMDlj1EPPADksrchfMk4P/R9nOmrpSzI/4Z2U=":{"valueMac":{"type":"Buffer","data":"IcdW7/cgz2OjL1pt7WU715t9q+qZNigPrmHh+u9TeHg="}},"51CEjybTldCQv965tPiPCENPqLeglinDJlb+9IEw2aU=":{"valueMac":{"type":"Buffer","data":"69dPwKDkbjpUFtXSEkIEvrd+qtK6sjJ65YPTW7FjN8M="}},"5/98Zq39e85mkYUlza6+UayzVlKduJaBSx4jKhfJmhc=":{"valueMac":{"type":"Buffer","data":"/vBh+s+9WDfT6lXdVuCAGmreGKB9lx7Nma5w4bH3F9g="}},"6BfS5vq3XCr0uiNVF8YtCYxNMjH/BnOLP9boqpfKjJg=":{"valueMac":{"type":"Buffer","data":"J6FYDBpg8GT748x9dRhoxi1Nd7b8qCe5cmItO8zuGWk="}},"6IaMZ/+T0P6gSuQFvGPtsf0Dnpm3n5y6IUukVglzIyQ=":{"valueMac":{"type":"Buffer","data":"OLKTHXWBggDmHVvu00yeMz3wf62UDwtKd0QRSh7NvXQ="}},"6VbLQzcuwLpOvuzR1Ql6wjitbmy87BqtjBhOeGIntWg=":{"valueMac":{"type":"Buffer","data":"Ah+TI1LE7WfBtlXjvNlwvL6XjVyNVCVmGz6OTS9CTME="}},"6aPfKT6xHeIHPkY0TXJ624eGJLmLj64ae9r4DZLXQZg=":{"valueMac":{"type":"Buffer","data":"0vuao2RkP6jTcORd0DG+e4/OYUimZk9FbnKQ7zMU8TY="}},"6cExaZ7LKxNrw0UgZv2OrPiKIIaid0dkQxAt+IqwTqU=":{"valueMac":{"type":"Buffer","data":"snfFC2TQSQhQVZiTWKR1k1RjDKuIklRoprZhOr/857Q="}},"6drgTpkmvy4EgDjSF1/nurdSvDjHZ45pBOUmwmqMwq8=":{"valueMac":{"type":"Buffer","data":"613DFt+WC+paOaB5CAbnf3OT/ZgHwWSqoZ6dMJIrcoc="}},"6fYchFYVI8JdzLu/HJAEhlxfbXIuS7i8GqaOkNaqWHg=":{"valueMac":{"type":"Buffer","data":"Q0E9gB2loyQc7i7BgsoMTcEzn1Tyz+juhw5VcnE0gMg="}},"6niY0Zg9n83aXHj5xuM8sJWfHMIOrRpsgvKWn4RnyCg=":{"valueMac":{"type":"Buffer","data":"UsBxPHzttzZSILUR9puWEKAx5QW1sjR0VpPu46yhavk="}},"6o6sME2WK8CheMaLgXDAeJ+jcTgddzjERuHaZn93Jn8=":{"valueMac":{"type":"Buffer","data":"0Rxn/2winl3xwOqAovKmF4FCzGWrQuJnKIV0/K8LxcA="}},"6pNc9kk2t+bsESjo29OPHRgsrBUYAB92ncLavzL/stE=":{"valueMac":{"type":"Buffer","data":"7oG+cx6jMX7O8FZk9ds2nWRnIxln5PBBbFEYV1M1ghY="}},"64g4GznNRJMbxdVKgl0+FXw4NimS5Vjku6zgYLWr/60=":{"valueMac":{"type":"Buffer","data":"FPYNQYpBCXjNeArHukc0yh9gQsP1hiOQ07nW6I3OzIc="}},"7JXmajLd9FCOj/W9B+PG8qSWXiEQz02B5rRNKPOPe24=":{"valueMac":{"type":"Buffer","data":"P/3A94Lf/fUA06u04/BHOheUTcPAIcWlybIoFyzEi/c="}},"7TyT9zg9funT0NnJ+IsF6pKn7EicVwunIa9KgTI3Uxw=":{"valueMac":{"type":"Buffer","data":"G72L9A80jeqAjH2QJ3J9YpU/nDBVJwogF/pguJRXYNs="}},"7UYQC9OY6d8+veQjBcDjl8tO7HOcVbpcnAxihj+yCo4=":{"valueMac":{"type":"Buffer","data":"Tc4V9VQbL26+mPVuW/1//Y69oSUP0Uifmn5XLxMWVp0="}},"7VxSSX4p+7eX874aGfOqmWfLpodSG49vXJ+P0hnpP6o=":{"valueMac":{"type":"Buffer","data":"wxwfH9reSirQw8YSUI/shjSXj36/ossWn/BYQkk4vsc="}},"7btaF8h5SEwDxUizXx+WIpDLeGQVfC38W6FkBOpxlsk=":{"valueMac":{"type":"Buffer","data":"s7+2bOScjKEphBobtGb6TRHBk2B5J90jp2JMHfezxWI="}},"7eV9KtrToP6oCNbT8h6cGwip5136pOoFsWn6GB6I3kQ=":{"valueMac":{"type":"Buffer","data":"HEBengObu8JPlqIRImwrqyjMWtsJmfjWOkC7eCxG70k="}},"7ekuXnqZbL81ZadD/KVGzrV3EzzMBixob2UnXEReMWg=":{"valueMac":{"type":"Buffer","data":"IZqGKHq8SaSw1dqLwFEPPTeRI6NmnVAUEz5NKfMvvgU="}},"7hgQeELo4HkSaxf0Wutgp/SNLqlxXPV+OlrKLo2yyHU=":{"valueMac":{"type":"Buffer","data":"56Y6P1bAdnahTmsCZG2nPU8Q2jrbjiDiSffzzcViGoM="}},"7swOhcP5t6XfjlD2odFjxEBJ3JjpkLNidpBgPA+KeI4=":{"valueMac":{"type":"Buffer","data":"lktrT1RHStMxcYIHEs4ZPkv8wxe91mJPILLh4gJvbLY="}},"7toHObxtK43ZbtbXaeRWeLJ2UCqP+RIsrKQSt/h7Sv4=":{"valueMac":{"type":"Buffer","data":"EjuTb5ri6EB1LAcGx+N/dyAHNHzl7/V64GbsqfExkdM="}},"72c1zu37Os73cA/ARJvuN/bG7roSTeKmo7Ugyx2/Yw8=":{"valueMac":{"type":"Buffer","data":"t3nL2WfMN4aNUpwWHjUoW75/8LeCvtiJXK3NDHieN88="}},"8EjefkGwRDQrx1e1LN83uZ8EUSxQ9at6/djv4Kgu9vQ=":{"valueMac":{"type":"Buffer","data":"dELUNh6sr6jzpVN+2dchHr298dSM2JiUhSS3VRW5Nlc="}},"8GZR6Jj+42JRPv1g9zvkrqnGez8y3MEMDdpsrM6q2NE=":{"valueMac":{"type":"Buffer","data":"MkDYhSY5r8rvBrMEV+oJxPCqlqLzo8wuGUnyC1mgH2g="}},"8Hp68rFPlqg1sSwdmHiY9lieYDkNC/V14V8N5mpPDfk=":{"valueMac":{"type":"Buffer","data":"C2ig7Kw+wuosB2TC9CgT6P7Ev12WVyVC7XSxth3PIdw="}},"8LQwIeUyOPuowJd1GDFMOLIEuiCo+ENfSEq7MsWCNFY=":{"valueMac":{"type":"Buffer","data":"NeWKPVqkMYSuR4RJ5oQ9vTvZkXeXnvtaEN1b5kdO5kY="}},"8Qxg4Obf0GXXwuPXmJcF9kbLn24SfZzoGQAbaeAAguU=":{"valueMac":{"type":"Buffer","data":"x0Q/dwJ9K2ke17nip8wMJJPnpHxpXCu96HWtR8J3urA="}},"8Tq8VdilC+zyaFvGT3wz9eaAx6WoBraPb+iR7Z5970I=":{"valueMac":{"type":"Buffer","data":"MWdbwk9V7mMDJ2Mhym0UMEE8d89jrn5Q4Gx/1iQfZNI="}},"8YAkYv6JDqYsKEyC9ouUQsIbnWSCyl6gJYLqbbyGhXw=":{"valueMac":{"type":"Buffer","data":"Rk2czAtoKQDVGZJIjyuuV/3n692EAsSlvnw7iqWgC4U="}},"81hSNuvwhI1EsHdnzOh4rWCVwy6YT4xPoniN0BmgCs4=":{"valueMac":{"type":"Buffer","data":"M+o2Ah1PikhMiwf6H9UGRxErUNgLVoMMhVxGB1Pw1lw="}},"87f+z7OnuT3qa4sz5orgWDz+uRTxdWO37O+PDA4342M=":{"valueMac":{"type":"Buffer","data":"HxKDfkW6RLOVg9gxHPBJyJXg8tuYBxaFGx5dZigqp0M="}},"9KFlF14OYJI7wC1wcVKM7AkyzDt/1SXsR2Kt5EEUPTU=":{"valueMac":{"type":"Buffer","data":"lLC2mqc7gDJdEetL1drgSAZg6f40DZgPlGk8nPv2IAI="}},"9Qt826Zwxnj/3ZJwJmjbr10grYeL6NCjUOtJDlqXOVI=":{"valueMac":{"type":"Buffer","data":"0WUJTRUygsqUMCEYteH2mqHbNrTEIRlkXNZZUDtTEgg="}},"9Q1BSRs4iFpApn+kT4WD1+ZStei/Hqru1iQ3pWV/2UY=":{"valueMac":{"type":"Buffer","data":"ay+6k23JZOO7Rvu8VSB6y8PxBETF5MkPZi/Q59Hl45A="}},"9UBh8gzXnFKSmNV2Z+3ECQ4STcDRcXLm8fPf9WpHcdU=":{"valueMac":{"type":"Buffer","data":"TuJGmOHD/N1GKRyq30R3GhOGszGpDpBZbGHFI4HfRQE="}},"9UHi15uAvK/I8VXPVJgTrGT6WtGIjgXUWNKziWJhQAg=":{"valueMac":{"type":"Buffer","data":"E/GJkd/GyNpJP3rQdh7M5owdZKxr3RSo/JrAlAUrfkA="}},"9VTubNkoT2fGzKcpnxrbothZZdOyus1U++Fv9Cv3Tjw=":{"valueMac":{"type":"Buffer","data":"A/KjEiT2/7+/G6zQ9DLjCgqUd8E2BPRwCUDpkYrZoCU="}},"9ejTdrpzFkysDqOm2AgCt+fEduTeexZrKR9/eDM8X3c=":{"valueMac":{"type":"Buffer","data":"yPmXiHZ6H2bv8Ep87fGPTrM3+lfSLZq3MBYMx38kfzc="}},"9hjFKvuGQZIDHEM2lfsMop9o89EPLIZxsmcFD35RUas=":{"valueMac":{"type":"Buffer","data":"e7ewpmHNTs0YkmHdbfQcqLVhgeh5h68wL4tzT0x139U="}},"9tGmENn9IPfbrvZlOJzunxYEl5IoZmPGeo9gYyNER8g=":{"valueMac":{"type":"Buffer","data":"55UfMbkWTs2mjvkJxziAuRDZgIa1eGCXjDb63BtJeRM="}},"9xsHrszZ3c8z27EVL3HHR2mBIu9efFunA6SM563Jft4=":{"valueMac":{"type":"Buffer","data":"cDx0aWevfJKPtbpctiAP9VToj6/EzXU0hh5saSShLW4="}},"9yKNN7+6bnU6GOVCaR7kB9GU34rO2beLaPaxpIfTz3c=":{"valueMac":{"type":"Buffer","data":"oM7MUsavc9NCa7weAUXtdtPnQR4jfQaeAbky2SfhMEg="}},"92jOC2eEaIIpdyzWW9ah/1mx3Mu+TYQPq/fkClIC8Mw=":{"valueMac":{"type":"Buffer","data":"aNQb8Ro6oMKBzqxmDN7aF/waxe5JA3vmfrAzSZ2Fa3s="}},"98b1kbQ5/bfi3I4HtDJv8UmDKD/3Nun9/ewbsTmFiNY=":{"valueMac":{"type":"Buffer","data":"PoSLcfgeS5TtzG34v7CBKadx2W9FvVjjp9NNbSWP8Hk="}},"+Afqmg6NLpt9w+XmM+oowrASgchFLEGG84EOHsq2s+Q=":{"valueMac":{"type":"Buffer","data":"JBmUYx4Uj1lDDmquvizxALh7TjVVu1VG8Ijpw2xOs3Y="}},"+CVskANJQ56j482F/a6Clh9TlQk9sp0+hu9MRgYpzfU=":{"valueMac":{"type":"Buffer","data":"CCYKvYXPvl+Z472tv4pXac0a76PFiIpkQsSC2p7QpDw="}},"+IhBIJtaB3ToYMsHyGqUcagp3Vk/3jbLJW8aWBr/TGM=":{"valueMac":{"type":"Buffer","data":"PNpolzOMHKGPcmiEoto1g/fEN10ZiZv0REKXE3TEVec="}},"+LOyJyoZZZofjenCy5bGOhlG3lYhvpfnO4ZwoSnOSow=":{"valueMac":{"type":"Buffer","data":"FFb6aBwNvc0vtwKlgPev7PEArHUx60O+oTag+P6lME4="}},"+PYwpUTXu0iNWw+6jf9vPT69p7s4BM+b2PDKkz4G9E8=":{"valueMac":{"type":"Buffer","data":"FggD6hVC6OHnScJbiYJHBgEJImcPmGbHnV0ZKRPRmVw="}},"+Pwym1NSl0tuPBOtjr43sgyPKQ6mffK47jLU344eaIc=":{"valueMac":{"type":"Buffer","data":"NtpuNFLAMAXsnpFTt9kxEW4d3oVi8J6JYpbM22ncCbc="}},"+cTX5CO6NjaadifjVSY3ELlwhobBTLYSiUxnr9pGk9c=":{"valueMac":{"type":"Buffer","data":"NFPbCgI0p9aT8WXiqapD0ip1s9OeH6gOJgm2Uafletw="}},"+nArxNd4uwy81j/pxCHDlDfK4Wla3BAMpMXn2O+EajM=":{"valueMac":{"type":"Buffer","data":"IniJvW9r4m1WAVcXDhPYYESL9C2CdRmRdkWYZICq53Q="}},"+7/NWMPIwCW4gWbaKRvFJ3ZaUZS9NsT5t3tyzPNPRoQ=":{"valueMac":{"type":"Buffer","data":"TeAWH+7piM8/jyu9+MUv1O0T9cVNo2ByBGDIKBRMwwQ="}},"/B4aD44hPuLHL6mnhJjNPEFTBBnZi3PKkNVUugBBNfE=":{"valueMac":{"type":"Buffer","data":"wZbHjtcYSb1o9XXDmfTIQZyQfNXI9VspIXlMTU2ppGg="}},"/MM4I3yURLZcmmlLpggmrLcDVKb/5TEWmBhwc9P/Osg=":{"valueMac":{"type":"Buffer","data":"Cjk+oKyKKJfrg98T11XwTkFF5Y9ogIneBpL7U/DY2w4="}},"/N6er6/g6Ef2jZFelQvgJ5dGs6YWXwrVtdQcGPDocQA=":{"valueMac":{"type":"Buffer","data":"95z9YFdhyj2R6eirt51hwBCqi3cEqK1fuTbO6zdPyOY="}},"/ifs9m/2v/x8Seeyv+0xt37VpCggQEUFri11EuKASKA=":{"valueMac":{"type":"Buffer","data":"GW/62WSDn7Fr5C0dqNf1TxbF26ABhtuIZnJfylXazNo="}},"/3pbSPV1GEaFHK3J4k/jqHLr68XtDC6X8pqjn5ilAig=":{"valueMac":{"type":"Buffer","data":"qrLwttGZc9r4RoohlHweszSi+prhc0kGU4NSWqteCWU="}},"/6CQ5bxNZtBpWm9XjAGOu8S8OH3Rl+ayqRKo4zlEkQE=":{"valueMac":{"type":"Buffer","data":"VOlZV8Fc8wPRH3zuoG0ZgVhLIw7bshKmZrO27qKWh+4="}}}}