{"version":2,"hash":{"type":"Buffer","data":"LdWHMi+abmLu9mANoO6j3Xl1+0qPhdcTV6YgShJlp4XctlnEsH/TpSJ9L7qmsKEC1PnuojMR8rRrAKQJ7YC/lu3EcQ6NL/kIa2RxVregA8Y4TvZyIBe+Eow4ZfSmnLyDoKAoh7C8Z1jWFpt0MqFygF+ZunjZuOvBTNzbHQFjn9E="},"indexValueMap":{"USVZu2Be1uyusS03AyYzbCW7Ocdq0oBwRU9/nJevIsY=":{"valueMac":{"type":"Buffer","data":"5agBBtKyZRDcRnEVrCEAUJy9LFPv9La8PFCHQ+Vpq4I="}},"WWz1s5oT78DT+ztzpEA4nxZlHygQQd1kKVfXZhZQ6+s=":{"valueMac":{"type":"Buffer","data":"xS6xvsiLMNOk+Vh9hYRyQOmyg4cBz1r48SgZNgNQomk="}},"bkV7MqpGNJc38oYjnml/t6eIqBgqkkve1UXeRTWlVuU=":{"valueMac":{"type":"Buffer","data":"iO++dXB65GvmSJolNJX+jc6nqXg+TvIDAYx/pocUQvU="}},"oOKgtud+aIt5R1ePEV64gIXTrvcTof0YoQUVQ6HQ0Vw=":{"valueMac":{"type":"Buffer","data":"Xqsmmqv/nWeMk5Sj3Ya8aqeOu5/917nbKkY2PkaO0q0="}},"tz/LL8Bt4zBJcrTfqQ9y6/rcFgDFfwgaIPdhg8VmmNE=":{"valueMac":{"type":"Buffer","data":"MzLieD1uaqevaCxkkebPWtnx4isFxZURDiY14jNJ5lI="}}}}