{"noiseKey":{"private":{"type":"Buffer","data":"gLHIbHCpRPrjzOt/dXdkcF5tFr7zvICULLZ5misXUns="},"public":{"type":"Buffer","data":"LlmQY5O8v0qfVL1Q/kFOFleCg2dGeCsgDC/iVgY5Q1k="}},"pairingEphemeralKeyPair":{"private":{"type":"Buffer","data":"MG4/Y9Y848Rd6kDliQcWO+DCT/QYThOjuAe9hL1YpGA="},"public":{"type":"Buffer","data":"LR0+MdI+8OI+Ay2rCxfOBy8FhcVOqieJPoT9P6R79lg="}},"signedIdentityKey":{"private":{"type":"Buffer","data":"cOfrdEJOwWTEujB7gxSEXBV8H+v2Syu1epcfJaowEWU="},"public":{"type":"Buffer","data":"iNNG36lNF2R/ciXqbtkfL0qRKfflwNaTOQ/izjkn1lw="}},"signedPreKey":{"keyPair":{"private":{"type":"Buffer","data":"6CuYydhPBJggbcQb9jpG2jt5bEfqW7PDLvFuuEZn2G8="},"public":{"type":"Buffer","data":"rRrte+IOrZymBvMUKhBrFZz26hPTcAe8vYoUScitCFY="}},"signature":{"type":"Buffer","data":"ZctnY97z3a0T3vNWaMh6b0es9W6eCjLbRMnh3rkO+RT0s2EAnqqQs0EX5szVXncFH84XydsFZ2fvj8YdcKdbAQ=="},"keyId":1},"registrationId":24,"advSecretKey":"oXGlr5jXGkINaAbr9YEBI2IvwVOrLYrp7WkYihnieUg=","processedHistoryMessages":[{"key":{"remoteJid":"94727408995@s.whatsapp.net","fromMe":true,"id":"6D09BB78EE3DABD26E43E99046CFD8A1"},"messageTimestamp":1703072675}],"nextPreKeyId":31,"firstUnuploadedPreKeyId":31,"accountSyncCounter":1,"accountSettings":{"unarchiveChats":false},"deviceId":"3K1j37rpQcSHJVkgXU0zUw","phoneId":"2c094729-8bd1-4d04-839c-3b14043ca459","identityId":{"type":"Buffer","data":"8aXYEnmUM6wIMdButXwCNoiVmDM="},"registered":false,"backupToken":{"type":"Buffer","data":"R6X78QdkSKEXfG4BZSGVR6mDY9w="},"registration":{},"account":{"details":"COa6moYBEJani6wGGAM=","accountSignatureKey":"IcJQAn5QHqDJknwzz2GSBHQozBiSkmMM1TVqcBWQxm8=","accountSignature":"TYXbMbRKgzfEyK4+VplQibkDXIywcCjHlVWL14bIj1Un/c29JjEr0rlZ/40KMVJsDglCR6GrEhesVQzo6YwGDg==","deviceSignature":"+n0xeUPKdPs+gwR+abEQZJ2sWbmBdmoVS+xW34eafBUxJNjrBlpm0ssmSBEDmPIq08ZSXk/2bETEPhPN6xpaCw=="},"me":{"id":"94727408995:23@s.whatsapp.net","name":"𝙳𝙰𝚁𝙺ᶠᴵᴿᴱ"},"signalIdentities":[{"identifier":{"name":"94727408995:23@s.whatsapp.net","deviceId":0},"identifierKey":{"type":"Buffer","data":"BSHCUAJ+UB6gyZJ8M89hkgR0KMwYkpJjDNU1anAVkMZv"}}],"platform":"android","lastAccountSyncTimestamp":1703072665,"myAppStateKeyId":"AAAAAJx9"}