{"_sessions":{"BcUIakQWlq+JjhEW0Pv1yu/YejpOlXMiUu8kI0hIDuMe":{"registrationId":41,"currentRatchet":{"ephemeralKeyPair":{"pubKey":"BTHMuN1hAxvwTMSNZrLoV6PeyOmcF6loATzst1L7evEw","privKey":"uKC70TGGUwxucrSDJYOuBEA8HGWxuew0Q4IEe/1M3FA="},"lastRemoteEphemeralKey":"BY1Gq8VRSkq7brEk/6l8yw9TcnKuDgTD8S1pL4pf9ttA","previousCounter":0,"rootKey":"Bc1VZgxnHDAZSQySLpeSLa8u3LrmWpQPp9EsTnI6bwU="},"indexInfo":{"baseKey":"BcUIakQWlq+JjhEW0Pv1yu/YejpOlXMiUu8kI0hIDuMe","baseKeyType":1,"closed":-1,"used":1703072677923,"created":1703072677923,"remoteIdentityKey":"BReiM7vOqr6IjK3DCJ2f6iQhFsWa4KtxyXrbHU9Ccw4z"},"_chains":{"BTHMuN1hAxvwTMSNZrLoV6PeyOmcF6loATzst1L7evEw":{"chainKey":{"counter":1,"key":"JGyXagOawoLd345tSfBETS0z3k8hY2hk0coeQjrFQJM="},"chainType":1,"messageKeys":{}}},"pendingPreKey":{"signedKeyId":1,"baseKey":"BcUIakQWlq+JjhEW0Pv1yu/YejpOlXMiUu8kI0hIDuMe","preKeyId":49}}},"version":"v1"}