{"_sessions":{"BWbShJ9zMjP1nvgTdJ2qVueC3s6oaYAZ+u5toA6yNrhg":{"registrationId":300853040,"currentRatchet":{"ephemeralKeyPair":{"pubKey":"BcNHaDaYHTPMuezHQ3o9DJrDj8L55WuqxdLsNg3mgR0f","privKey":"+D4LHJDuvCWpUphdlIBufbDRQqAcKq5TSFsZ87qay0o="},"lastRemoteEphemeralKey":"Bbcgyo3CxzFeuL0JWM2TDWB+AxoLIB9okriFgwwHIncV","previousCounter":0,"rootKey":"Pa+fHH3UaiW1JzAXYM7XjgpSc8pNOg6+WCFovGPnB14="},"indexInfo":{"baseKey":"BWbShJ9zMjP1nvgTdJ2qVueC3s6oaYAZ+u5toA6yNrhg","baseKeyType":2,"closed":-1,"used":1703072667673,"created":1703072667673,"remoteIdentityKey":"BSHCUAJ+UB6gyZJ8M89hkgR0KMwYkpJjDNU1anAVkMZv"},"_chains":{"Bbcgyo3CxzFeuL0JWM2TDWB+AxoLIB9okriFgwwHIncV":{"chainKey":{"counter":4,"key":"NzcCPoFuZN1Yi34BtDAyP68nTh8RDZBo15v9tX+okDs="},"chainType":2,"messageKeys":{}},"BcNHaDaYHTPMuezHQ3o9DJrDj8L55WuqxdLsNg3mgR0f":{"chainKey":{"counter":3,"key":"wLYHo72x465aEBizcPJLukkuJeMYRux0d7BzFctX1Ug="},"chainType":1,"messageKeys":{}}}}},"version":"v1"}