{"_sessions":{"BdKg7MBy2l4N7m7Awgd6aH7qzYGx9w0NagDkUm2r2oh0":{"registrationId":237,"currentRatchet":{"ephemeralKeyPair":{"pubKey":"BUbm1RJmHIipIp/MmJulhLLzSvbosAWCdhhkFhy76ItL","privKey":"+JyqGYlaV+hMUixRsxvdk6fGHfJw3FhYi8lJo+B/z1I="},"lastRemoteEphemeralKey":"BQQiBTOiIJUvvfF4a0YBPqPLbAhWZapiHZXRSDeintZy","previousCounter":0,"rootKey":"YSKicnk1A4/mh83lLc8fWXKo679RA77jKPbck4nyFp0="},"indexInfo":{"baseKey":"BdKg7MBy2l4N7m7Awgd6aH7qzYGx9w0NagDkUm2r2oh0","baseKeyType":1,"closed":-1,"used":1703072677926,"created":1703072677926,"remoteIdentityKey":"BaKAVPg+AQi1TjvfstmR9WqmY0SvLkR7OZzRLRAOQnwF"},"_chains":{"BUbm1RJmHIipIp/MmJulhLLzSvbosAWCdhhkFhy76ItL":{"chainKey":{"counter":1,"key":"d6KvViSf8h/iHWK7EUN3Yc0Sr0bt/iD9ce3C1BosC+c="},"chainType":1,"messageKeys":{}}},"pendingPreKey":{"signedKeyId":1,"baseKey":"BdKg7MBy2l4N7m7Awgd6aH7qzYGx9w0NagDkUm2r2oh0","preKeyId":52}}},"version":"v1"}